family_stem,variable_name,label,n_years,years_range,label_drift
a1,a1,a1. Which of the following best describes your school schedule during the past 3,4,2020-2021..2023-2024,False
a10,a10,a10. What is the highest level of education your parents or guardians completed?,9,2015-2016..2023-2024,True
a100,a100,"a100. Past 30 days, used prescription drugs to get 'high' or for reasons other t",2,2019-2020..2020-2021,True
a100_a82,a100_a82,"a100/a82. past 12 months, been pushed, shoved, slapped, hit or kicked by someon",3,2010-2011..2012-2013,False
a100_a89,a100_a89,"a100_a89. Your race, ethnicity, or national origin, past 12 months on school pro",2,2013-2014..2014-2015,True
a100_a90,a100_a90,"a100_a90. Past 12 months at school, been pushed, shoved, slapped, hit, or kicked",2,2017-2018..2018-2019,False
a100_a91,a100_a91,"a100_a91. Past 12 months at school, carried any other weapon?",2,2015-2016..2016-2017,True
a100_a95,a100_a95,a100_a95. Smoke cigarettes occasionally - How much do people risk harming themse,3,2021-2022..2023-2024,True
a101,a101,a101. How many times have you tried to quit or stop using alcohol?,1,2019-2020..2019-2020,False
a101_a83,a101_a83,"a101/a83. past 12 months, been afraid of being beaten up at school?",3,2010-2011..2012-2013,False
a101_a90,a101_a90,"a101_a90. Your religion, past 12 months on school property, were harassed or bul",2,2013-2014..2014-2015,True
a101_a91,a101_a91,"a101_a91. Past 12 months at school, been afraid of being beaten up?",2,2017-2018..2018-2019,False
a101_a92,a101_a92,"a101_a92. Past 12 months at school, been threatened or injured with a weapon?",2,2015-2016..2016-2017,True
a101_a93,a101_a93,"a101_a93. Past 30 days, used any other drug, pill, or medicine to get 'high' or",1,2020-2021..2020-2021,False
a101_a96,a101_a96,a101_a96. Smoke 1 or more packs of cigarettes each day - How much do people risk,3,2021-2022..2023-2024,True
a102,a102,"a102. Past 30 days, used two or more substances at the same time?",2,2019-2020..2020-2021,True
a102_a84,a102_a84,"a102/a84. past 12 months, been in a physical fight at school?",3,2010-2011..2012-2013,False
a102_a91,a102_a91,"a102_a91. Your gender, past 12 months on school property, were harassed or bulli",2,2013-2014..2014-2015,True
a102_a92,a102_a92,"a102_a92. Past 12 months at school, been in a physical fight?",2,2017-2018..2018-2019,False
a102_a93,a102_a93,"a102_a93. Past 12 months at school, seen someone carrying a gun, knife, or other",2,2015-2016..2016-2017,True
a102_a97,a102_a97,a102_a97. Vape tobacco or nicotine occasionally - How much do people risk harmin,3,2021-2022..2023-2024,True
a103_a85,a103_a85,"a103/a85. past 12 months, had mean rumors or lies spread about you at school?",3,2010-2011..2012-2013,False
a103_a90,a103_a90,a103_a90. School has a policy that bans tobacco use and vaping on school propert,1,2019-2020..2019-2020,False
a103_a92,a103_a92,"a103_a92. Because you are gay or lesbian or someone thought you were, past 12 mo",2,2013-2014..2014-2015,True
a103_a93,a103_a93,"a103_a93. Past 12 months at school, had mean rumors or lies spread about you?",2,2017-2018..2018-2019,False
a103_a94,a103_a94,"a103_a94. Past 30 days on school property, did you smoke cigarettes?",3,2015-2016..2020-2021,True
a103_a98,a103_a98,a103_a98. Vape tobacco or nicotine several times a day (100 puffs or more) - How,3,2021-2022..2023-2024,True
a104,a104,"a104. Lifetime, driven a car when you had been using alcohol or drugs, or been i",1,2019-2020..2019-2020,False
a104_a86,a104_a86,"a104/a86. 12 months, had sexual jokes, comments, or gestures made to you at sch",3,2010-2011..2012-2013,False
a104_a93,a104_a93,"a104_a93. A physical or mental disability, past 12 months on school property, we",2,2013-2014..2014-2015,True
a104_a94,a104_a94,"a104_a94. Past 12 months at school, had sexual jokes, comments, or gestures made",2,2017-2018..2018-2019,False
a104_a95,a104_a95,"a104_a95. Past 30 days on school property, did you use smokeless tobacco?",3,2015-2016..2020-2021,True
a104_a99,a104_a99,"a104_a99. Drink alcohol (beer, wine, liquor) occasionally - How much do people r",3,2021-2022..2023-2024,True
a105_a100,a105_a100,a105_a100. Have five or more drinks of alcohol once or twice a week - How much d,3,2021-2022..2023-2024,True
a105_a87,a105_a87,"a105/a87. past 12 months, been made fun of because of your looks or the way you",3,2010-2011..2012-2013,False
a105_a92,a105_a92,a105_a92. How safe do you feel when you are at school?,1,2019-2020..2019-2020,False
a105_a94,a105_a94,"a105_a94. Any other reason, past 12 months on school property, were harassed or",2,2013-2014..2014-2015,True
a105_a95,a105_a95,"a105_a95. Past 12 months at school, been made fun of because of your looks or th",2,2017-2018..2018-2019,False
a105_a96,a105_a96,"a105_a96. Past 30 days on school property, did you vape?",3,2015-2016..2020-2021,True
a106_a101,a106_a101,"a106_a101. Use marijuana occasionally (smoke, vape, eat, or drink) - How much do",3,2021-2022..2023-2024,True
a106_a88,a106_a88,"a106/a88. past 12 months, had your property stolen or deliberately damaged, suc",3,2010-2011..2012-2013,False
a106_a94,a106_a94,"a106_a94. Past 12 months at school, been pushed, shoved, slapped, hit, or kicked",1,2019-2020..2019-2020,False
a106_a95,a106_a95,"a106_a95. Past 12 months, how many times did other students spread mean rumors o",2,2013-2014..2014-2015,True
a106_a96,a106_a96,"a106_a96. Past 12 months at school, had your property stolen or deliberately dam",2,2017-2018..2018-2019,False
a106_a97,a106_a97,"a106_a97. Past 30 days on school property, did you have at least one drink of al",3,2015-2016..2020-2021,True
a107_a102,a107_a102,a107_a102. Use marijuana daily - How much do people risk harming themselves phys,3,2021-2022..2023-2024,True
a107_a89,a107_a89,"a107/a89. past 12 months, has anyone offered, sold or given you an illegal drug",3,2010-2011..2012-2013,False
a107_a95,a107_a95,"a107_a95. Past 12 months at school, been afraid of being beaten up?",1,2019-2020..2019-2020,False
a107_a96,a107_a96,a107_a96. Do you consider yourself a member of a gang?,2,2013-2014..2014-2015,True
a107_a97,a107_a97,"a107_a97. Past 12 months at school, been offered, sold, or given an illegal drug",2,2017-2018..2018-2019,False
a107_a98,a107_a98,"a107_a98. Past 30 days on school property, did you use marijuana (smoke, vape, e",3,2015-2016..2020-2021,True
a108,a108,"a108. Past 12 months, did you ever seriously consider attempting suicide?",1,2013-2014..2013-2014,False
a108_a103,a108_a103,a108_a103. Cigarettes - How difficult is it for students in your grade to get an,3,2021-2022..2023-2024,True
a108_a90,a108_a90,"a108/a90. past 12 months, have you damaged school property on purpose?",3,2010-2011..2012-2013,False
a108_a96,a108_a96,"a108_a96. Past 12 months at school, been in a physical fight?",1,2019-2020..2019-2020,False
a108_a97,a108_a97,"a108_a97. Past 12 months, did you ever feel so sad or hopeless almost everyday f",1,2014-2015..2014-2015,False
a108_a98,a108_a98,"a108_a98. Past 12 months at school, damaged school property on purpose?",2,2017-2018..2018-2019,False
a108_a99,a108_a99,"a108_a99. Past 30 days on school property, did you use any other drug, pill, or",3,2015-2016..2020-2021,True
a109,a109,"a109. During the past 12 months, did you ever seriously consider attempting suic",1,2014-2015..2014-2015,False
a109_a100,a109_a100,"a109_a100. Past 30 days on school property, did you breathe the smoke or vapor f",3,2015-2016..2020-2021,True
a109_a104,a109_a104,a109_a104. Vape products - How difficult is it for students in your grade to get,3,2021-2022..2023-2024,True
a109_a91,a109_a91,"a109/a91. past 12 months, gun, how many days did you carry on  school property",3,2010-2011..2012-2013,False
a109_a97,a109_a97,"a109_a97. Past 12 months at school, had mean rumors or lies spread about you?",2,2013-2014..2019-2020,True
a109_a99,a109_a99,"a109_a99. Past 12 months at school, carried a gun?",2,2017-2018..2018-2019,False
a10_a9,a10_a9,a10_a9. What is the highest level of education your parents completed?,5,2010-2011..2014-2015,True
a11,a11,"a11. Is your father, mother, or guardian currently in the military (Army, Navy,",9,2015-2016..2023-2024,True
a110,a110,a110. Have tried to quit smoking or vaping tobacco or nicotine - lifetime users,1,2022-2023..2022-2023,False
a110_a100,a110_a100,"a110_a100. Past 12 months at school, carried any other weapon?",2,2017-2018..2018-2019,False
a110_a101,a110_a101,a110_a101. Smoke cigarettes occasionally - How much do people risk harming thems,3,2015-2016..2020-2021,True
a110_a105,a110_a105,a110_a105. Alcohol - How difficult is it for students in your grade to get any o,2,2021-2022..2023-2024,True
a110_a92,a110_a92,"a110/a92. past 12 months, weapon such as knife or club, how many  days did you",3,2010-2011..2012-2013,False
a110_a98,a110_a98,"a110_a98. Past 12 months at school, had sexual jokes, comments, or gestures made",3,2013-2014..2019-2020,True
a111,a111,a111. Have tried to quit alcohol - lifetime users only,1,2022-2023..2022-2023,False
a111_a101,a111_a101,"a111_a101. Past 12 months at school, been threatened or injured with a weapon?",2,2017-2018..2018-2019,False
a111_a102,a111_a102,a111_a102. Smoke 1 or more packs of cigarettes each day - How much do people ris,3,2015-2016..2020-2021,True
a111_a106,a111_a106,a111_a106. Marijuana - How difficult is it for students in your grade to get any,2,2021-2022..2023-2024,True
a111_a93,a111_a93,"a111/a93. past 12 months, been threatened or injured with a weapon such as a gu",3,2010-2011..2012-2013,False
a111_a99,a111_a99,"a111_a99. Past 12 months at school, been made fun of because of your looks or th",3,2013-2014..2019-2020,True
a112,a112,a112. Have tried to quit marijuana - lifetime users only,1,2022-2023..2022-2023,False
a112_a100,a112_a100,"a112_a100. Past 12 months at school, had your property stolen or deliberately da",3,2013-2014..2019-2020,True
a112_a100,a112_a100c,"a112_a100c. Transgender, which of the following best describes you?",1,2013-2014..2013-2014,False
a112_a100a,a112_a100a,"a112_a100a. Heterosexual (straight), which of the following best describes you?",1,2013-2014..2013-2014,False
a112_a100b,a112_a100b,"a112_a100b. Gay or Lesbian or Bisexual, which of the following best describes yo",1,2013-2014..2013-2014,False
a112_a100d,a112_a100d,"a112_a100d. Not sure, which of the following best describes you?",1,2013-2014..2013-2014,False
a112_a100e,a112_a100e,"a112_a100e. Decline to respond, which of the following best describes you?",1,2013-2014..2013-2014,False
a112_a102,a112_a102,"a112_a102. Past 12 months at school, seen someone carrying a gun, knife, or othe",2,2017-2018..2018-2019,False
a112_a103,a112_a103,a112_a103. Use vape products occasionally - How much do people risk harming them,3,2015-2016..2020-2021,True
a112_a107,a112_a107,a112_a107. Prescription drugs to get 'high' or for reasons other than prescribed,2,2021-2022..2023-2024,True
a112_a94,a112_a94,"a112/a94. past 12 months, seen someone carrying a gun, knife, or other weapon a",3,2010-2011..2012-2013,False
a113,a113,a113. Have tried to quit smoking or vaping tobacco or nicotine - lifetime users,1,2023-2024..2023-2024,False
a113_a101,a113_a101,"a113_a101. Past 12 months at school, been offered, sold, or given an illegal dru",2,2014-2015..2019-2020,True
a113_a101,a113_a101c,"a113_a101c. Transgender, which of the following best describes you?",1,2014-2015..2014-2015,False
a113_a101a,a113_a101a,"a113_a101a. Heterosexual, which of the following best describes you?",1,2014-2015..2014-2015,False
a113_a101b,a113_a101b,"a113_a101b. Gay or Lesbian or Bisexual, which of the following best describes yo",1,2014-2015..2014-2015,False
a113_a101d,a113_a101d,"a113_a101d. Not sure, which of the following best describes you?",1,2014-2015..2014-2015,False
a113_a101e,a113_a101e,"a113_a101e. Decline to respond, which of the following best describes you?",1,2014-2015..2014-2015,False
a113_a103,a113_a103,"a113_a103. Past 12 months at school, been threatened with harm or injury?",2,2017-2018..2018-2019,False
a113_a104,a113_a104,a113_a104. Use vape products several times a day - How much do people risk harmi,3,2015-2016..2020-2021,True
a113_a105,a113_a105,a113_a105. Does your school ban tobacco use and vaping on school property and at,1,2022-2023..2022-2023,False
a113_a108,a113_a108,a113_a108. Vape products - How difficult is it for students in your grade to get,1,2021-2022..2021-2022,False
a113_a95,a113_a95,"a113/a95. past 12 months, harassed or bullied because of your race, ethnicity,",3,2010-2011..2012-2013,False
a114,a114,a114. Have tried to quit alcohol - lifetime users only,2,2016-2017..2023-2024,True
a114_a102,a114_a102,"a114_a102. Past 12 months at school, damaged school property on purpose?",1,2019-2020..2019-2020,False
a114_a104,a114_a104,"a114_a104. Past 12 months at school, been made fun of, insulted, or called names",2,2017-2018..2018-2019,False
a114_a105,a114_a105,a114_a105. Drink alcohol occasionally - How much do people risk harming themselv,2,2015-2016..2020-2021,True
a114_a107,a114_a107,a114_a107. How safe do you feel when you are at school?,1,2022-2023..2022-2023,False
a114_a109,a114_a109,a114_a109. Alcohol - How difficult is it for students in your grade to get any o,1,2021-2022..2021-2022,False
a114_a96,a114_a96,"a114/a96. past 12 months, harassed or bullied because of  your religion on scho",3,2010-2011..2012-2013,False
a115,a115,a115. Have tried to quit marijuana - lifetime users only,1,2023-2024..2023-2024,False
a115_a103,a115_a103,"a115_a103. Past 12 months at school, carried a gun?",1,2019-2020..2019-2020,False
a115_a105,a115_a105,"a115_a105. Your race, ethnicity, or national origin - Past 12 months at school,",3,2016-2017..2018-2019,True
a115_a106,a115_a106,a115_a106. Have five or more drinks of alcohol once or twice a week - How much d,2,2015-2016..2020-2021,True
a115_a108,a115_a108,"a115_a108. Past 12 months at school, been pushed, shoved, slapped, hit, or kicke",1,2022-2023..2022-2023,False
a115_a110,a115_a110,a115_a110. Marijuana - How difficult is it for students in your grade to get any,1,2021-2022..2021-2022,False
a115_a97,a115_a97,"a115/a97. past 12 months, harassed or bullied because of  your gender on school",3,2010-2011..2012-2013,False
a116,a116,"a116. Past 12 months, did you ever seriously consider attempting suicide?",1,2015-2016..2015-2016,False
a116_a104,a116_a104,"a116_a104. Past 12 months at school, carried any other weapon?",1,2019-2020..2019-2020,False
a116_a106,a116_a106,"a116_a106. Your religion - Past 12 months at school, were harassed or bullied fo",3,2016-2017..2018-2019,True
a116_a107,a116_a107,"a116_a107. Use marijuana occasionally (smoke, vape, eat, or drink) - How much do",1,2020-2021..2020-2021,False
a116_a108,a116_a108,a116_a108. Does your school ban tobacco use and vaping on school property and at,1,2023-2024..2023-2024,False
a116_a109,a116_a109,"a116_a109. Past 12 months at school, been afraid of being beaten up?",1,2022-2023..2022-2023,False
a116_a111,a116_a111,a116_a111. Prescription drugs to get 'high' or for reasons other than prescribed,1,2021-2022..2021-2022,False
a116_a98,a116_a98,"a116/a98. past 12 months, harassed or bullied because you are gay or lesbian or",3,2010-2011..2012-2013,False
a117,a117,a117. Lifetime users only - have tried to quit smoking or vaping tobacco or nico,1,2021-2022..2021-2022,False
a117_a105,a117_a105,"a117_a105. Past 12 months at school, been threatened or injured with a weapon?",1,2019-2020..2019-2020,False
a117_a107,a117_a107,"a117_a107. Your gender - Past 12 months at school, were harassed or bullied for",4,2015-2016..2018-2019,True
a117_a108,a117_a108,a117_a108. Use marijuana daily - How much do people risk harming themselves phys,1,2020-2021..2020-2021,False
a117_a110,a117_a110,a117_a110. How safe do you feel when you are at school?,2,2022-2023..2023-2024,True
a117_a99,a117_a99,"a117/a99. past 12 months, harassed or bullied because of  a physical or mental",3,2010-2011..2012-2013,False
a118,a118,a118. Lifetime users - have tried to quit alcohol?,1,2021-2022..2021-2022,False
a118_a106,a118_a106,"a118_a106. Past 12 months at school, seen someone carrying a gun, knife, or othe",1,2019-2020..2019-2020,False
a118_a108,a118_a108,a118_a108. Because you are gay or lesbian or someone thought you were - Past 12,4,2015-2016..2018-2019,True
a118_a108,a118_a108c,a118_a108c. Bisexual - Which of the following best describes you?,1,2016-2017..2016-2017,False
a118_a108a,a118_a108a,a118_a108a. Heterosexual (straight) - Which of the following best describes you?,1,2016-2017..2016-2017,False
a118_a108b,a118_a108b,a118_a108b. Gay or Lesbian - Which of the following best describes you?,1,2016-2017..2016-2017,False
a118_a108d,a118_a108d,a118_a108d. Transgender - Which of the following best describes you?,1,2016-2017..2016-2017,False
a118_a108e,a118_a108e,a118_a108e. Not sure - Which of the following best describes you?,1,2016-2017..2016-2017,False
a118_a108f,a118_a108f,a118_a108f. Decline to respond - Which of the following best describes you?,1,2016-2017..2016-2017,False
a118_a109,a118_a109,a118_a109. Cigarettes - How difficult is it for students in your grade to get an,1,2020-2021..2020-2021,False
a118_a111,a118_a111,"a118_a111. Past 12 months at school, been pushed, shoved, slapped, hit, or kicke",2,2022-2023..2023-2024,True
a118a100,a118a100,"a118/a100. past 12 months, harassed or bullied because of  any other reason on",3,2010-2011..2012-2013,False
a119,a119,a119. Lifetime users - have tried to quit marijuana?,1,2021-2022..2021-2022,False
a119_a107,a119_a107,"a119_a107. Past 12 months at school, been threatened with harm or injury?",1,2019-2020..2019-2020,False
a119_a109,a119_a109,"a119_a109. A physical or mental disability - Past 12 months at school, were hara",3,2015-2016..2018-2019,True
a119_a110,a119_a110,a119_a110. Vape products - How difficult is it for students in your grade to get,1,2020-2021..2020-2021,False
a119_a112,a119_a112,"a119_a112. Past 12 months at school, been afraid of being beaten up?",2,2022-2023..2023-2024,True
a119a101,a119a101,a119/a101. how safe do you feel when you are at school?,3,2010-2011..2012-2013,False
a11_a10,a11_a10,"a11_a10. Past 12 months, how would you describe the grades you mostly received i",5,2010-2011..2014-2015,True
a12,a12,a12. What language is spoken most of the time in your home?,9,2015-2016..2023-2024,True
a12,a12c,"a12c. Read English - non-English language at home - How well do you understand,",2,2022-2023..2023-2024,False
a120_a108,a120_a108,"a120_a108. Past 12 months at school, been made fun of, insulted, or called names",1,2019-2020..2019-2020,False
a120_a110,a120_a110,a120_a110. You are an immigrant or someone thought you were - Past 12 months at,3,2015-2016..2018-2019,True
a120_a110,a120_a110c,a120_a110c. Transgender - which of the following best describes you?,1,2015-2016..2015-2016,False
a120_a110a,a120_a110a,a120_a110a. Heterosexual (straight) - which of the following best describes you?,1,2015-2016..2015-2016,False
a120_a110b,a120_a110b,a120_a110b. Gay or Lesbian or Bisexual - which of the following best describes y,1,2015-2016..2015-2016,False
a120_a110d,a120_a110d,a120_a110d. Not sure - which of the following best describes you?,1,2015-2016..2015-2016,False
a120_a110e,a120_a110e,a120_a110e. Decline to respond - which of the following best describes you?,1,2015-2016..2015-2016,False
a120_a111,a120_a111,a120_a111. Alcohol - How difficult is it for students in your grade to get any o,1,2020-2021..2020-2021,False
a120_a112,a120_a112,a120_a112. Does your school ban tobacco use and vaping on school property and at,1,2021-2022..2021-2022,False
a120_a113,a120_a113,"a120_a113. Past 12 months at school, been in a physical fight?",2,2022-2023..2023-2024,True
a120a103,a120a103,"a120/a103. during the past 12 months, how many times did other students spread",3,2010-2011..2012-2013,False
a121_a109,a121_a109,"a121_a109. Your race, ethnicity, or national origin - Past 12 months at school,",1,2019-2020..2019-2020,False
a121_a111,a121_a111,"a121_a111. Any other reason - Past 12 months at school, were harassed or bullied",2,2017-2018..2018-2019,False
a121_a112,a121_a112,a121_a112. Marijuana - How difficult is it for students in your grade to get any,1,2020-2021..2020-2021,False
a121_a114,a121_a114,"a121_a114. Past 12 months at school, had mean rumors or lies spread about you?",3,2021-2022..2023-2024,True
a121a104,a121a104,a121/a104. do you consider yourself a member of a gang?,3,2010-2011..2012-2013,False
a122,a122,a122. How many times have you tried to quit or stop using cigarettes?,1,2020-2021..2020-2021,False
a122_a110,a122_a110,"a122_a110. Your religion - Past 12 months at school, were harassed or bullied fo",1,2019-2020..2019-2020,False
a122_a112,a122_a112,"a122_a112. Past 12 months, other students spread mean rumors/lies/hurtful pictur",2,2017-2018..2018-2019,False
a122_a115,a122_a115,"a122_a115. Past 12 months at school, had sexual jokes, comments, or gestures mad",3,2021-2022..2023-2024,True
a122a105,a122a105,"a122/a105. past 12 months, did your boyfriend or girlfriend ever hit, slap, or",3,2010-2011..2012-2013,False
a123,a123,a123. How many times have you tried to quit or stop using vapes?,1,2020-2021..2020-2021,False
a123_a111,a123_a111,"a123_a111. Your gender - Past 12 months at school, were harassed or bullied for",1,2019-2020..2019-2020,False
a123_a113,a123_a113,a123_a113. Do you consider yourself a member of a gang?,2,2017-2018..2018-2019,False
a123_a116,a123_a116,"a123_a116. Past 12 months at school, been made fun of because of your looks or t",3,2021-2022..2023-2024,True
a123a106,a123a106,"a123/a106. past 12 months, feel so sad/hopeless almost every day for 2 weeks+ t",3,2010-2011..2012-2013,False
a124,a124,a124. How many times have you tried to quit or stop using alcohol?,4,2010-2011..2020-2021,True
a124_a112,a124_a112,"a124_a112. Because you are gay, lesbian, or bisexual or someone thought you were",1,2019-2020..2019-2020,False
a124_a114,a124_a114,"a124_a114. Past 12 months, did you ever feel so sad or hopeless almost every day",2,2017-2018..2018-2019,True
a124_a117,a124_a117,"a124_a117. Past 12 months at school, had your property stolen or deliberately da",3,2021-2022..2023-2024,True
a125,a125,a125. How many times have you tried to quit or stop using marijuana?,2,2017-2018..2020-2021,True
a125_a113,a125_a113,"a125_a113. A physical or mental disability - Past 12 months at school, were hara",1,2019-2020..2019-2020,False
a125_a115,a125_a115,"a125_a115. Past 12 months, did you ever seriously consider attempting suicide?",1,2018-2019..2018-2019,False
a125_a118,a125_a118,"a125_a118. Past 12 months at school, been offered, sold, or given an illegal dru",3,2021-2022..2023-2024,True
a125a107,a125a107,"a125/a107. during the past 12 months, how would you describe the grades you mos",3,2010-2011..2012-2013,False
a126_a113,a126_a113,a126_a113. Does your school have a policy that bans tobacco use and vaping on sc,1,2020-2021..2020-2021,False
a126_a114,a126_a114,a126_a114. You are an immigrant or someone thought you were - Past 12 months at,1,2019-2020..2019-2020,False
a126_a115,a126_a115,a126_a115. Did you eat breakfast today?,1,2017-2018..2017-2018,False
a126_a116,a126_a116,a126_a116. Did you eat breakfast today?,1,2018-2019..2018-2019,False
a126_a119,a126_a119,"a126_a119. Past 12 months at school, damaged school property on purpose?",3,2021-2022..2023-2024,True
a126a108,a126a108,"a126/a108. during the past 12 months, how many times did you skip school or cut",3,2010-2011..2012-2013,False
a127,a127,"a127. Lifetime, driven a car when you had been using alcohol or drugs, or been i",1,2020-2021..2020-2021,False
a127_a115,a127_a115,"a127_a115. Any other reason - Past 12 months at school, were harassed or bullied",1,2019-2020..2019-2020,False
a127_a116,a127_a116,a127_a116. How many questions in this survey did you answer honestly?,1,2017-2018..2017-2018,False
a127_a117,a127_a117,"a127_a117. On an average school night, how many hours of sleep do you get?",1,2018-2019..2018-2019,False
a127_a120,a127_a120,"a127_a120. Past 12 months at school, carried a gun?",3,2021-2022..2023-2024,True
a127a109,a127a109,"card or dice games (such as poker, blackjack, craps), past 12 months how often",3,2010-2011..2012-2013,True
a128_a116,a128_a116,a128_a116. How safe do you feel when you are at school?,2,2019-2020..2020-2021,True
a128_a117,a128_a117,"a128_a117. Is your father, mother, or guardian currently in the military?",1,2017-2018..2017-2018,False
a128_a118,a128_a118,a128_a118. How many questions in this survey did you answer honestly?,1,2018-2019..2018-2019,False
a128_a121,a128_a121,"a128_a121. Past 12 months at school, carried any other weapon?",3,2021-2022..2023-2024,True
a128a110,a128a110,"personal skill games (pool, darts, video games), past 12 months how often have",3,2010-2011..2012-2013,True
a129_a117,a129_a117,"a129_a117. Past 12 months at school, been pushed, shoved, slapped, hit, or kicke",2,2019-2020..2020-2021,True
a129_a118,a129_a118,a129_a118. Which of the following best describes you?,1,2017-2018..2017-2018,False
a129_a119,a129_a119,"a129_a119. Is your father, mother, or guardian currently in the military?",1,2018-2019..2018-2019,False
a129_a122,a129_a122,"a129_a122. Past 12 months at school, been threatened or injured with a weapon?",3,2021-2022..2023-2024,True
a129a111,a129a111,"betting on sports, past 12 months how often have you bet/gambled, even casually",3,2010-2011..2012-2013,True
a12_a11,a12_a11,"a12_a11. Past 12 months, about how many times did you skip school or cut classes",5,2010-2011..2014-2015,True
a12a,a12a,a12a. Understand English - non-English language at home - How well do you unders,2,2022-2023..2023-2024,False
a12b,a12b,"a12b. Speak English - non-English language at home - How well do you understand,",2,2022-2023..2023-2024,False
a12d,a12d,"a12d. Write English - non-English language at home - How well do you understand,",2,2022-2023..2023-2024,False
a13,a13,a13. Are you in the English Learner Program at school?,9,2015-2016..2023-2024,True
a130_a118,a130_a118,"a130_a118. Past 12 months at school, been afraid of being beaten up?",2,2019-2020..2020-2021,True
a130_a119,a130_a119,a130_a119. Are you transgender?,1,2017-2018..2017-2018,False
a130_a120,a130_a120,a130_a120. Which of the following best describes you?,1,2018-2019..2018-2019,False
a130_a123,a130_a123,"a130_a123. Past 12 months at school, seen someone carrying a gun, knife, or othe",3,2021-2022..2023-2024,True
a130a112,a130a112,"lottery (scratch cards or numbers), past 12 months how often have you bet/gambl",3,2010-2011..2012-2013,True
a131_a119,a131_a119,"a131_a119. Past 12 months at school, been in a physical fight?",2,2019-2020..2020-2021,True
a131_a121,a131_a121,a131_a121. Are you transgender? - Some people describe themselves as transgender,1,2018-2019..2018-2019,False
a131_a124,a131_a124,"a131_a124. Past 12 months at school, been threatened with harm or injury?",3,2021-2022..2023-2024,True
a131a113,a131a113,"bet or gambled in any other way, past 12 months how often have you bet/gambled,",3,2010-2011..2012-2013,False
a132_a120,a132_a120,"a132_a120. Past 12 months at school, had mean rumors or lies spread about you?",2,2019-2020..2020-2021,True
a132_a125,a132_a125,"a132_a125. Past 12 months at school, been made fun of, insulted, or called names",3,2021-2022..2023-2024,True
a132a114,a132a114,"is your father, mother, or caretaker currently in the military (army, navy, mar",3,2010-2011..2012-2013,True
a133_a121,a133_a121,"a133_a121. Past 12 months at school, had sexual jokes, comments, or gestures mad",2,2019-2020..2020-2021,True
a133_a126,a133_a126,a133_a126. Spread mean rumors or lies spread about you? - During the past 12 mon,3,2021-2022..2023-2024,True
a133a115,a133a115,a132/a114. how many questions in this survey did you answer honestly?,2,2011-2012..2012-2013,True
a134_a122,a134_a122,"a134_a122. Past 12 months at school, been made fun of because of your looks or t",2,2019-2020..2020-2021,True
a134_a127,a134_a127,"a134_a127. Make sexual jokes, comments, or gestures toward you? - During the pas",3,2021-2022..2023-2024,True
a134a116,a134a116,(unlabeled),1,2012-2013..2012-2013,False
a135_a123,a135_a123,"a135_a123. Past 12 months at school, had your property stolen or deliberately da",1,2020-2021..2020-2021,False
a135_a128,a135_a128,a135_a128. Make fun of you because of your looks or the way you talk? - During t,3,2021-2022..2023-2024,True
a136_a124,a136_a124,"a136_a124. Past 12 months at school, been offered, sold, or given an illegal dru",1,2020-2021..2020-2021,False
a136_a129,a136_a129,"a136_a129. Make fun of you, insult you, or call you names? - During the past 12",3,2021-2022..2023-2024,True
a137_a125,a137_a125,"a137_a125. Past 12 months at school, damaged school property on purpose?",1,2020-2021..2020-2021,False
a137_a130,a137_a130,"a137_a130. Your race, ethnicity, or national origin - Past 12 months at school,",3,2021-2022..2023-2024,True
a138_a126,a138_a126,"a138_a126. Past 12 months at school, carried a gun?",1,2020-2021..2020-2021,False
a138_a131,a138_a131,"a138_a131. Your religion - Past 12 months at school, were harassed or bullied fo",3,2021-2022..2023-2024,True
a139_a127,a139_a127,"a139_a127. Past 12 months at school, carried any other weapon?",1,2020-2021..2020-2021,False
a139_a132,a139_a132,"a139_a132. Your gender - Past 12 months at school, were harassed or bullied for",3,2021-2022..2023-2024,True
a13_a12,a13_a12,"a13_a12. Past 30 days, did you miss school for any of the following reasons?",5,2010-2011..2014-2015,True
a13_a12,a13_a12c,"a13_a12c. Felt very sad, hopeless, anxious, stressed, or angry - past 30 days, d",2,2013-2014..2014-2015,False
a13_a12a,a13_a12a,"a13_a12a. Does not apply, I did't miss any school - past 30 days, did you miss s",2,2013-2014..2014-2015,True
a13_a12b,a13_a12b,"a13_a12b. Illness (feeling physically sick), including problems with breathing o",2,2013-2014..2014-2015,True
a13_a12d,a13_a12d,"a13_a12d. Did't get enough sleep - past 30 days, did you miss school for any of",2,2013-2014..2014-2015,True
a13_a12e,a13_a12e,"a13_a12e. Didn't feel safe at school - past 30 days, did you miss school for any",2,2013-2014..2014-2015,False
a13_a12f,a13_a12f,"a13_a12f. Had to work - past 30 days, did you miss school for any of the followi",2,2013-2014..2014-2015,False
a13_a12g,a13_a12g,"a13_a12g. Had to take care of or help a family member or friend - past 30 days,",2,2013-2014..2014-2015,False
a13_a12h,a13_a12h,"a13_a12h. Wanted to spend time with friends out of school - past 30 days, did yo",2,2013-2014..2014-2015,False
a13_a12i,a13_a12i,"a13_a12i. Wanted to use alcohol or drugs - past 30 days, did you miss school for",2,2013-2014..2014-2015,True
a13_a12j,a13_a12j,a13_a12j. Behind in schoolwork or not prepared for a test or class assignment -,2,2013-2014..2014-2015,True
a13_a12k,a13_a12k,"a13_a12k. Bored with or uninterested in school - past 30 days, did you miss scho",2,2013-2014..2014-2015,False
a13_a12l,a13_a12l,"a13_a12l. Were suspended - past 30 days, did you miss school for any of the foll",2,2013-2014..2014-2015,True
a13_a12m,a13_a12m,"a13_a12m. Other reason - past 30 days, did you miss school for any of the follow",2,2013-2014..2014-2015,False
a14,a14,a14. ELP only - Number of years you've been in the English Learner Program acros,9,2015-2016..2023-2024,True
a14,a14c,"a14c. Read English - non-English language at home - How well do you understand,",1,2021-2022..2021-2022,False
a140_a128,a140_a128,"a140_a128. Past 12 months at school, been threatened or injured with a weapon?",1,2020-2021..2020-2021,False
a140_a133,a140_a133,"a140_a133. Because you are gay, lesbian, or bisexual or someone thought you were",3,2021-2022..2023-2024,True
a141_a129,a141_a129,"a141_a129. Past 12 months at school, seen someone carrying a gun, knife, or othe",1,2020-2021..2020-2021,False
a141_a134,a141_a134,"a141_a134. A physical or mental disability - Past 12 months at school, were hara",3,2021-2022..2023-2024,True
a142_a130,a142_a130,"a142_a130. Past 12 months at school, been threatened with harm or injury?",1,2020-2021..2020-2021,False
a142_a135,a142_a135,a142_a135. You are an immigrant or someone thought you were - Past 12 months at,3,2021-2022..2023-2024,True
a143_a131,a143_a131,"a143_a131. Past 12 months at school, been made fun of, insulted, or called names",1,2020-2021..2020-2021,False
a143_a136,a143_a136,"a143_a136. Any other reason - Past 12 months at school, were harassed or bullied",3,2021-2022..2023-2024,True
a144_a132,a144_a132,"a144_a132. Your race, ethnicity, or national origin - Past 12 months at school,",1,2020-2021..2020-2021,False
a144_a137,a144_a137,"a144_a137. Your race, ethnicity, or national origin - Past 12 months, were haras",3,2021-2022..2023-2024,True
a145_a133,a145_a133,"a145_a133. Your religion - Past 12 months at school, were harassed or bullied fo",1,2020-2021..2020-2021,False
a145_a138,a145_a138,"a145_a138. Your religion - Past 12 months, were harassed or bullied by students",3,2021-2022..2023-2024,True
a146_a134,a146_a134,"a146_a134. Your gender - Past 12 months at school, were harassed or bullied for",1,2020-2021..2020-2021,False
a146_a139,a146_a139,"a146_a139. Your gender - Past 12 months, were harassed or bullied by students fr",3,2021-2022..2023-2024,True
a147_a135,a147_a135,"a147_a135. Because you are gay, lesbian, or bisexual or someone thought you were",1,2020-2021..2020-2021,False
a147_a140,a147_a140,"a147_a140. Because you are gay, lesbian, or bisexual or someone thought you were",3,2021-2022..2023-2024,True
a148_a136,a148_a136,"a148_a136. A physical or mental disability - Past 12 months at school, were hara",1,2020-2021..2020-2021,False
a148_a141,a148_a141,"a148_a141. A physical or mental disability - Past 12 months, were harassed or bu",3,2021-2022..2023-2024,True
a149_a137,a149_a137,a149_a137. You are an immigrant or someone thought you were - Past 12 months at,1,2020-2021..2020-2021,False
a149_a142,a149_a142,"a149_a142. You are an immigrant or someone thought you were - Past 12 months, we",3,2021-2022..2023-2024,True
a14_a13,a14_a13,a14_a13. I feel close to people at this school.,5,2010-2011..2014-2015,True
a14a,a14a,a14a. Understand English - non-English language at home - How well do you unders,1,2021-2022..2021-2022,False
a14b,a14b,"a14b. Speak English - non-English language at home - How well do you understand,",1,2021-2022..2021-2022,False
a14d,a14d,"a14d. Write English - non-English language at home - How well do you understand,",1,2021-2022..2021-2022,False
a15,a15,a15. Do you have an IEP (Individualized Education Plan) or get special education,9,2015-2016..2023-2024,True
a150_a138,a150_a138,"a150_a138. Any other reason - Past 12 months at school, were harassed or bullied",1,2020-2021..2020-2021,False
a150_a143,a150_a143,"a150_a143. Any other reason - Past 12 months, were harassed or bullied by studen",3,2021-2022..2023-2024,True
a151_a139,a151_a139,"a151_a139. Past 12 months, other students spread mean rumors or lies, or hurtful",1,2020-2021..2020-2021,False
a151_a144,a151_a144,"a151_a144. Past 12 months, other students spread mean rumors or lies, or hurtful",3,2021-2022..2023-2024,True
a152_a140,a152_a140,a152_a140. Do you consider yourself a member of a gang?,1,2020-2021..2020-2021,False
a152_a145,a152_a145,a152_a145. Do you consider yourself a member of a gang?,3,2021-2022..2023-2024,True
a153_a141,a153_a141,"a153_a141. Past 12 months, did you ever feel so sad or hopeless almost every day",1,2020-2021..2020-2021,False
a153_a146,a153_a146,"a153_a146. Past 12 months, did you ever feel so sad or hopeless almost every day",3,2021-2022..2023-2024,True
a154_a142,a154_a142,"a154_a142. Past 12 months, did you ever seriously consider attempting suicide?",1,2020-2021..2020-2021,False
a154_a147,a154_a147,"a154_a147. Past 12 months, did you ever seriously consider attempting suicide?",3,2021-2022..2023-2024,True
a155_a143,a155_a143,"a155_a143. Past 30 days, I had a hard time breathing because I was anxious.",1,2020-2021..2020-2021,False
a155_a148,a155_a148,"a155_a148. Past 30 days, I had a hard time relaxing.",3,2021-2022..2023-2024,True
a156_a144,a156_a144,"a156_a144. Past 30 days, I worried that I would embarrass myself in front of oth",1,2020-2021..2020-2021,False
a156_a149,a156_a149,"a156_a149. Past 30 days, I felt sad and down.",3,2021-2022..2023-2024,True
a157_a145,a157_a145,"a157_a145. Past 30 days, I was tense and uptight.",1,2020-2021..2020-2021,False
a157_a150,a157_a150,"a157_a150. Past 30 days, I was easily irritated.",3,2021-2022..2023-2024,True
a158_a146,a158_a146,"a158_a146. Past 30 days, I had a hard time relaxing.",1,2020-2021..2020-2021,False
a158_a151,a158_a151,"a158_a151. Past 30 days, It was hard for me to cope and I thought I would panic.",3,2021-2022..2023-2024,True
a159_a147,a159_a147,"a159_a147. Past 30 days, I felt sad and down.",1,2020-2021..2020-2021,False
a159_a152,a159_a152,"a159_a152. Past 30 days, It was hard for me to get excited about anything.",3,2021-2022..2023-2024,True
a15_a14,a15_a14,a15_a14. I am happy to be at this school.,5,2010-2011..2014-2015,True
a16,a16,a16. What time did you go to bed last night?,9,2015-2016..2023-2024,True
a160_a148,a160_a148,"a160_a148. Past 30 days, I was easily irritated.",1,2020-2021..2020-2021,False
a160_a153,a160_a153,a160_a153. Each day I look forward to having a lot of fun.,3,2021-2022..2023-2024,True
a161_a149,a161_a149,"a161_a149. Past 30 days, it was hard for me to cope and I thought I would panic.",1,2020-2021..2020-2021,False
a161_a154,a161_a154,a161_a154. I usually expect to have a good day.,3,2021-2022..2023-2024,True
a162_a150,a162_a150,"a162_a150. Past 30 days, it was hard for me to get excited about anything.",1,2020-2021..2020-2021,False
a162_a155,a162_a155,"a162_a155. Overall, I expect more good things to happen to me than bad things.",3,2021-2022..2023-2024,True
a163_a151,a163_a151,"a163_a151. Past 30 days, I was easily annoyed and sensitive.",1,2020-2021..2020-2021,False
a163_a156,a163_a156,a163_a156. I would describe my satisfaction with my family life as...,3,2021-2022..2023-2024,True
a164_a152,a164_a152,"a164_a152. Past 30 days, I was scared for no good reason.",1,2020-2021..2020-2021,False
a164_a157,a164_a157,a164_a157. I would describe my satisfaction with my friendships as...,3,2021-2022..2023-2024,True
a165_a153,a165_a153,a165_a153. I can work out my problems.,1,2020-2021..2020-2021,False
a165_a158,a165_a158,a165_a158. I would describe my satisfaction with my school experience as...,3,2021-2022..2023-2024,True
a166_a154,a166_a154,a166_a154. I can do most things if I try.,1,2020-2021..2020-2021,False
a166_a159,a166_a159,a166_a159. I would describe my satisfaction with myself as...,2,2021-2022..2023-2024,True
a167_a155,a167_a155,a167_a155. There are many things that I do well.,1,2020-2021..2020-2021,False
a167_a160,a167_a160,a167_a160. I would describe my satisfaction with where I live as...,2,2021-2022..2023-2024,True
a168_a156,a168_a156,a168_a156. There is a purpose to my life.,1,2020-2021..2020-2021,False
a168_a161,a168_a161,a168_a161. How many questions in the survey did you answer honestly?,2,2021-2022..2023-2024,True
a169_a157,a169_a157,a169_a157. I understand my moods and feelings.,1,2020-2021..2020-2021,False
a169_a162,a169_a162,a169_a162. I would describe my satisfaction with my school experience as...,1,2021-2022..2021-2022,False
a16_a15,a16_a15,a16_a15. I feel like I am part of this school.,5,2010-2011..2014-2015,True
a17,a17,a17. Did you eat breakfast today?,9,2015-2016..2023-2024,True
a170_a158,a170_a158,a170_a158. I understand why I do what I do.,1,2020-2021..2020-2021,False
a170_a163,a170_a163,a170_a163. I would describe my satisfaction with myself as...,1,2021-2022..2021-2022,False
a171_a159,a171_a159,a171_a159. When I need help I find someone to talk with.,1,2020-2021..2020-2021,False
a171_a164,a171_a164,a171_a164. I would describe my satisfaction with where I live as...,1,2021-2022..2021-2022,False
a172_a160,a172_a160,a172_a160. Each day I look forward to having a lot of fun.,1,2020-2021..2020-2021,False
a172_a165,a172_a165,a172_a165. How many questions in this survey did you answer honestly?,1,2021-2022..2021-2022,False
a173_a161,a173_a161,a173_a161. I usually expect to have a good day.,1,2020-2021..2020-2021,False
a174_a162,a174_a162,"a174_a162. Overall, I expect more good things to happen to me than bad things.",1,2020-2021..2020-2021,False
a175_a163,a175_a163,a175_a163. I try to work out my problems by talking or writing about them.,1,2020-2021..2020-2021,False
a176_a164,a176_a164,a176_a164. I trust my ability to solve difficult problems.,1,2020-2021..2020-2021,False
a177_a165,a177_a165,a177_a165. On most days I feel grateful.,1,2020-2021..2020-2021,False
a178_a166,a178_a166,a178_a166. On most days I feel thankful.,1,2020-2021..2020-2021,False
a179_a167,a179_a167,a179_a167. On most days I feel appreciative.,1,2020-2021..2020-2021,False
a17_a16,a17_a16,a17_a16. The teachers at this school treat students fairly,5,2010-2011..2014-2015,True
a18,a18,"a18. Past 30 days, how often did you miss an entire day of school for any reason",9,2015-2016..2023-2024,True
a180_a168,a180_a168,a180_a168. There is an adult who really cares about me. - How true do you feel t,1,2020-2021..2020-2021,False
a181_a169,a181_a169,a181_a169. There is an adult who talks with me about my problems. - How true do,1,2020-2021..2020-2021,False
a182_a170,a182_a170,a182_a170. There is an adult who helps me when I am having a hard time. - How tr,1,2020-2021..2020-2021,False
a183_a171,a183_a171,a183_a171. I have a friend my age who really cares about me. - How true do you f,1,2020-2021..2020-2021,False
a184_a172,a184_a172,a184_a172. I have a friend my age who talks with me about my problems. - How tru,1,2020-2021..2020-2021,False
a185_a173,a185_a173,a185_a173. I have a friend my age who helps me when I am having a hard time. - H,1,2020-2021..2020-2021,False
a186_a174,a186_a174,a186_a174. How many questions in this survey did you answer honestly?,1,2020-2021..2020-2021,False
a18_a17,a18_a17,a18_a17. I feel safe in my school.,5,2010-2011..2014-2015,True
a19,a19,a19. How many days a week do you usually go to your school's afterschool program,9,2015-2016..2023-2024,True
a19_a18,a19_a18,a19_a18. I try hard to make sure that I am good at my schoolwork.,5,2010-2011..2014-2015,True
a2,a2,a2. What grade are you in?,4,2020-2021..2023-2024,False
a20,a20,"a20. Past 30 days, how many weekdays in an average week did you participate in s",9,2015-2016..2023-2024,True
a20,a20c,"a20c. Were being bullied or mistreated at school - Past 30 days, did you miss a",3,2016-2017..2018-2019,True
a20_a19,a20_a19,a20_a19. I try hard at school because I am interested in my work.,5,2010-2011..2014-2015,True
a20a,a20a,"a20a. Does not apply, I didn't miss any school - Past 30 days, did you miss a da",3,2016-2017..2018-2019,True
a20b,a20b,"a20b. Illness, including problems with breathing or your teeth - Past 30 days, d",3,2016-2017..2018-2019,True
a20d,a20d,"a20d. Felt very sad, hopeless, anxious, stressed, or angry - Past 30 days, did y",3,2016-2017..2018-2019,True
a20e,a20e,"a20e. Didn't get enough sleep - Past 30 days, did you miss a day of school for a",3,2016-2017..2018-2019,True
a20f,a20f,"a20f. Didn't feel safe at school or going to and from school - Past 30 days, did",3,2016-2017..2018-2019,True
a20g,a20g,"a20g. Had to take care of or help a family member or friend - Past 30 days, did",3,2016-2017..2018-2019,False
a20h,a20h,"a20h. Wanted to spend time with friends - Past 30 days, did you miss a day of sc",3,2016-2017..2018-2019,True
a20i,a20i,"a20i. Used alcohol or drugs - Past 30 days, did you miss a day of school for any",3,2016-2017..2018-2019,True
a20j,a20j,a20j. Were behind in schoolwork or weren't prepared for a test or class assignme,3,2016-2017..2018-2019,False
a20k,a20k,"a20k. Were bored with or uninterested in school - Past 30 days, did you miss a d",3,2016-2017..2018-2019,True
a20l,a20l,"a20l. Had no transportation to school - Past 30 days, did you miss a day of scho",3,2016-2017..2018-2019,True
a20m,a20m,"a20m. Other reason - Past 30 days, did you miss a day of school for any of the f",3,2016-2017..2018-2019,True
a21,a21,"a21. On the average weekday, how much of your day did you spend learning and com",9,2015-2016..2023-2024,True
a21,a21c,"a21c. Felt very sad, hopeless, anxious, stressed, or angry - past 30 days, did y",1,2015-2016..2015-2016,False
a21_a20,a21_a20,a21_a20. I work hard to try to understand new things at school.,5,2010-2011..2014-2015,True
a21a,a21a,"a21a. Does not apply, I didn't miss any school - past 30 days, did you miss scho",1,2015-2016..2015-2016,False
a21b,a21b,"a21b. Illness (feeling physically sick), including problems with breathing or yo",1,2015-2016..2015-2016,False
a21d,a21d,"a21d. Didn't get enough sleep - past 30 days, did you miss school for any of the",1,2015-2016..2015-2016,False
a21e,a21e,"a21e. Didn't feel safe at school - past 30 days, did you miss school for any of",1,2015-2016..2015-2016,False
a21f,a21f,"a21f. Had to work - past 30 days, did you miss school for any of the following r",1,2015-2016..2015-2016,False
a21g,a21g,"a21g. Had to take care of or help a family member or friend - past 30 days, did",1,2015-2016..2015-2016,False
a21h,a21h,a21h. Wanted to spend time with friends who don't go to your school - past 30 da,1,2015-2016..2015-2016,False
a21i,a21i,"a21i. Wanted to use alcohol or drugs - past 30 days, did you miss school for any",1,2015-2016..2015-2016,False
a21j,a21j,a21j. Were behind in schoolwork or weren't prepared for a test or class assignme,1,2015-2016..2015-2016,False
a21k,a21k,"a21k. Were bored with or uninterested in school - past 30 days, did you miss sch",1,2015-2016..2015-2016,False
a21l,a21l,"a21l. Were suspended - past 30 days, did you miss school for any of the followin",1,2015-2016..2015-2016,False
a21m,a21m,"a21m. Other reason - past 30 days, did you miss school for any of the following",1,2015-2016..2015-2016,False
a22,a22,a22. How many days in the past week did you participate in an online class from,9,2015-2016..2023-2024,True
a22,a22c,"a22c. Were being bullied or mistreated at school - Past 30 days, did you miss a",2,2019-2020..2022-2023,False
a22_a21,a22_a21,a22_a21. I am always trying to do better in my schoolwork.,5,2010-2011..2014-2015,True
a22a,a22a,"a22a. Does not apply; I didn't miss any school - Past 30 days, did you miss a da",2,2019-2020..2022-2023,True
a22b,a22b,"a22b. Illness, including problems with breathing or your teeth - Past 30 days, d",2,2019-2020..2022-2023,False
a22d,a22d,"a22d. Felt very sad, hopeless, anxious, stressed, or angry - Past 30 days, did y",2,2019-2020..2022-2023,False
a22e,a22e,"a22e. Didn't get enough sleep - Past 30 days, did you miss a day of school for a",2,2019-2020..2022-2023,False
a22f,a22f,"a22f. Didn't feel safe at school or going to and from school - Past 30 days, did",2,2019-2020..2022-2023,False
a22g,a22g,"a22g. Had to take care of or help a family member or friend - Past 30 days, did",2,2019-2020..2022-2023,False
a22h,a22h,"a22h. Wanted to spend time with friends - Past 30 days, did you miss a day of sc",2,2019-2020..2022-2023,False
a22i,a22i,"a22i. Used alcohol or drugs - Past 30 days, did you miss a day of school for any",2,2019-2020..2022-2023,False
a22j,a22j,a22j. Were behind in schoolwork or weren't prepared for a test or class assignme,2,2019-2020..2022-2023,False
a22k,a22k,"a22k. Were bored or uninterested in school - Past 30 days, did you miss a day of",2,2019-2020..2022-2023,True
a22l,a22l,"a22l. Had no transportation to school - Past 30 days, did you miss a day of scho",2,2019-2020..2022-2023,False
a22m,a22m,"a22m. Other reason - Past 30 days, did you miss a day of school for any of the f",2,2019-2020..2022-2023,False
a23,a23,"a23. Past 30 days, how often did you miss an entire day of remote learning class",9,2015-2016..2023-2024,True
a23,a23c,"a23c. Felt very sad, hopeless, anxious, stressed, or angry - Past 30 days, did y",1,2022-2023..2022-2023,False
a23_a22,a23_a22,"a23_a22. At my school there is a teacher or adult, who really cares about me.",5,2010-2011..2014-2015,True
a23a,a23a,"a23a. Does not apply; I didn't miss any school - Past 30 days, did you miss a da",1,2022-2023..2022-2023,False
a23b,a23b,"a23b. Illness, including problems with breathing or your teeth - Past 30 days, d",1,2022-2023..2022-2023,False
a23d,a23d,"a23d. Didn't get enough sleep - Past 30 days, did you miss a day of school from",1,2022-2023..2022-2023,False
a23e,a23e,"a23e. Had to take care of or help a family member or friend - Past 30 days, did",1,2022-2023..2022-2023,False
a23f,a23f,"a23f. Wanted to spend time with friends - Past 30 days, did you miss a day of sc",1,2022-2023..2022-2023,False
a23g,a23g,"a23g. Used alcohol or drugs - Past 30 days, did you miss a day of school from ho",1,2022-2023..2022-2023,False
a23h,a23h,a23h. Were behind in schoolwork or weren't prepared for a test or class assignme,1,2022-2023..2022-2023,False
a23i,a23i,"a23i. Were bored or uninterested in school - Past 30 days, did you miss a day of",1,2022-2023..2022-2023,False
a23j,a23j,"a23j. Other reason - Past 30 days, did you miss a day of school from home for an",1,2022-2023..2022-2023,False
a24,a24,"a24. Past 12 months, how would you describe the grades you mostly received in sc",9,2015-2016..2023-2024,True
a24_a23,a24_a23,"a24_a23. At my school there is a teacher or adult, who tells me when I do a good",5,2010-2011..2014-2015,True
a25,a25,"a25. In the past 30 days, did you miss a day of school for any of the following",9,2015-2016..2023-2024,True
a25,a25c,"a25c. Were being bullied or mistreated at school - Past 30 days, did you miss a",1,2023-2024..2023-2024,False
a25_a24,a25_a24,"a25_a24. At my school there is a teacher or adult, who notices when I'm not ther",5,2010-2011..2014-2015,True
a25a,a25a,"a25a. Does not apply; I didn't miss any school - Past 30 days, did you miss a da",1,2023-2024..2023-2024,False
a25b,a25b,"a25b. Illness, including problems with breathing or your teeth - Past 30 days, d",1,2023-2024..2023-2024,False
a25d,a25d,"a25d. Felt very sad, hopeless, anxious, stressed, or angry - Past 30 days, did y",1,2023-2024..2023-2024,False
a25e,a25e,"a25e. Didn't get enough sleep - Past 30 days, did you miss a day of school for a",1,2023-2024..2023-2024,False
a25f,a25f,"a25f. Didn't feel safe at school or going to and from school - Past 30 days, did",1,2023-2024..2023-2024,False
a25g,a25g,"a25g. Had to take care of or help a family member or friend - Past 30 days, did",1,2023-2024..2023-2024,False
a25h,a25h,"a25h. Wanted to spend time with friends - Past 30 days, did you miss a day of sc",1,2023-2024..2023-2024,False
a25i,a25i,"a25i. Used alcohol or drugs - Past 30 days, did you miss a day of school for any",1,2023-2024..2023-2024,False
a25j,a25j,a25j. Were behind in schoolwork or weren't prepared for a test or class assignme,1,2023-2024..2023-2024,False
a25k,a25k,"a25k. Were bored or uninterested in school - Past 30 days, did you miss a day of",1,2023-2024..2023-2024,False
a25l,a25l,"a25l. Had no transportation to school - Past 30 days, did you miss a day of scho",1,2023-2024..2023-2024,False
a25m,a25m,"a25m. Other reason - Past 30 days, did you miss a day of school for any of the f",1,2023-2024..2023-2024,False
a26,a26,"a26. In the past 30 days, did you miss a day of school from home for any of the",9,2015-2016..2023-2024,True
a26,a26c,"a26c. Felt very sad, hopeless, anxious, stressed, or angry - Past 30 days, did y",1,2023-2024..2023-2024,False
a26_a25,a26_a25,"a26_a25. At my school there is a teacher or adult, who always wants me to do my",5,2010-2011..2014-2015,True
a26a,a26a,"a26a. Does not apply; I didn't miss any school - Past 30 days, did you miss a da",1,2023-2024..2023-2024,False
a26b,a26b,"a26b. Illness, including problems with breathing or your teeth - Past 30 days, d",1,2023-2024..2023-2024,False
a26d,a26d,"a26d. Didn't get enough sleep - Past 30 days, did you miss a day of school from",1,2023-2024..2023-2024,False
a26e,a26e,"a26e. Had to take care of or help a family member or friend - Past 30 days, did",1,2023-2024..2023-2024,False
a26f,a26f,"a26f. Wanted to spend time with friends - Past 30 days, did you miss a day of sc",1,2023-2024..2023-2024,False
a26g,a26g,"a26g. Used alcohol or drugs - Past 30 days, did you miss a day of school from ho",1,2023-2024..2023-2024,False
a26h,a26h,a26h. Were behind in schoolwork or weren't prepared for a test or class assignme,1,2023-2024..2023-2024,False
a26i,a26i,"a26i. Were bored or uninterested in school - Past 30 days, did you miss a day of",1,2023-2024..2023-2024,False
a26j,a26j,"a26j. Other reason - Past 30 days, did you miss a day of school from home for an",1,2023-2024..2023-2024,False
a27,a27,a27. I feel close to people at this school.,9,2015-2016..2023-2024,True
a27_a26,a27_a26,"a27_a26. At my school there is a teacher or adult, who listens to me when I have",5,2010-2011..2014-2015,True
a28,a28,a28. I feel close to people from this school.,9,2015-2016..2023-2024,True
a28,a28c,"a28c. Were being bullied or mistreated at school - Past 30 days, did you miss a",1,2021-2022..2021-2022,False
a28_a27,a28_a27,"a28_a27. At my school there is a teacher or adult, who believes that I will be a",5,2010-2011..2014-2015,True
a28a,a28a,"a28a. Does not apply; I didn't miss any school - Past 30 days, did you miss a da",1,2021-2022..2021-2022,False
a28b,a28b,"a28b. Illness, including problems with breathing or your teeth - Past 30 days, d",1,2021-2022..2021-2022,False
a28d,a28d,"a28d. Felt very sad, hopeless, anxious, stressed, or angry - Past 30 days, did y",1,2021-2022..2021-2022,False
a28e,a28e,"a28e. Didn't get enough sleep - Past 30 days, did you miss a day of school for a",1,2021-2022..2021-2022,False
a28f,a28f,"a28f. Didn't feel safe at school or going to and from school - Past 30 days, did",1,2021-2022..2021-2022,False
a28g,a28g,"a28g. Had to take care of or help a family member or friend - Past 30 days, did",1,2021-2022..2021-2022,False
a28h,a28h,"a28h. Wanted to spend time with friends - Past 30 days, did you miss a day of sc",1,2021-2022..2021-2022,False
a28i,a28i,"a28i. Used alcohol or drugs - Past 30 days, did you miss a day of school for any",1,2021-2022..2021-2022,False
a28j,a28j,a28j. Were behind in schoolwork or weren't prepared for a test or class assignme,1,2021-2022..2021-2022,False
a28k,a28k,"a28k. Were bored or uninterested in school - Past 30 days, did you miss a day of",1,2021-2022..2021-2022,False
a28l,a28l,"a28l. Had no transportation to school - Past 30 days, did you miss a day of scho",1,2021-2022..2021-2022,False
a28m,a28m,"a28m. Other reason - Past 30 days, did you miss a day of school for any of the f",1,2021-2022..2021-2022,False
a29,a29,a29. I am happy to be at this school.,9,2015-2016..2023-2024,True
a29,a29c,"a29c. Were being bullied or mistreated at school - Past 30 days, did you miss a",1,2021-2022..2021-2022,False
a29_a28,a29_a28,"a29_a28. At school, I do interesting activities.",5,2010-2011..2014-2015,True
a29a,a29a,"a29a. Does not apply; I didn't miss any school - Past 30 days, did you miss a da",1,2021-2022..2021-2022,False
a29b,a29b,"a29b. Illness, including problems with breathing or your teeth - Past 30 days, d",1,2021-2022..2021-2022,False
a29d,a29d,"a29d. Felt very sad, hopeless, anxious, stressed, or angry - Past 30 days, did y",1,2021-2022..2021-2022,False
a29e,a29e,"a29e. Didn't get enough sleep - Past 30 days, did you miss a day of in-person sc",1,2021-2022..2021-2022,False
a29f,a29f,"a29f. Didn't feel safe at school or going to and from school - Past 30 days, did",1,2021-2022..2021-2022,False
a29g,a29g,"a29g. Had to take care of or help a family member or friend - Past 30 days, did",1,2021-2022..2021-2022,False
a29h,a29h,"a29h. Wanted to spend time with friends - Past 30 days, did you miss a day of in",1,2021-2022..2021-2022,False
a29i,a29i,"a29i. Used alcohol or drugs - Past 30 days, did you miss a day of in-person scho",1,2021-2022..2021-2022,False
a29j,a29j,a29j. Were behind in schoolwork or weren't prepared for a test or class assignme,1,2021-2022..2021-2022,False
a29k,a29k,"a29k. Were bored or uninterested in school - Past 30 days, did you miss a day of",1,2021-2022..2021-2022,False
a29l,a29l,"a29l. Had no transportation to school - Past 30 days, did you miss a day of in-p",1,2021-2022..2021-2022,False
a29m,a29m,"a29m. Other reason - Past 30 days, did you miss a day of in-person school or sch",1,2021-2022..2021-2022,False
a3,a3,a3. What is your gender?,14,2010-2011..2023-2024,True
a30,a30,a30. I am happy with this school.,9,2015-2016..2023-2024,True
a30,a30c,"a30c. Felt very sad, hopeless, anxious, stressed, or angry - Past 30 days, did y",1,2021-2022..2021-2022,False
a30_a29,a30_a29,"a30_a29. At school, I help decide things like class activities or rules.",5,2010-2011..2014-2015,True
a30a,a30a,"a30a. Does not apply; I didn't miss any school - Past 30 days, did you miss a da",1,2021-2022..2021-2022,False
a30b,a30b,"a30b. Illness, including problems with breathing or your teeth - Past 30 days, d",1,2021-2022..2021-2022,False
a30d,a30d,"a30d. Didn't get enough sleep - Past 30 days, did you miss a day of school from",1,2021-2022..2021-2022,False
a30e,a30e,"a30e. Had to take care of or help a family member or friend - Past 30 days, did",1,2021-2022..2021-2022,False
a30f,a30f,"a30f. Wanted to spend time with friends - Past 30 days, did you miss a day of sc",1,2021-2022..2021-2022,False
a30g,a30g,"a30g. Used alcohol or drugs - Past 30 days, did you miss a day of school from ho",1,2021-2022..2021-2022,False
a30h,a30h,a30h. Were behind in schoolwork or weren't prepared for a test or class assignme,1,2021-2022..2021-2022,False
a30i,a30i,"a30i. Were bored or uninterested in school - Past 30 days, did you miss a day of",1,2021-2022..2021-2022,False
a30j,a30j,"a30j. Other reason - Past 30 days, did you miss a day of school from home for an",1,2021-2022..2021-2022,False
a31,a31,a31. I feel like I am part of this school.,9,2015-2016..2023-2024,True
a31_a30,a31_a30,"a31_a30. At school, I do things that make a difference.",5,2010-2011..2014-2015,True
a32,a32,a32. The teachers at this school treat students fairly.,11,2013-2014..2023-2024,True
a32_a31,a32_a31,"a32_a31. i participate in music, art, sports, or a hobby outside of my home and",3,2010-2011..2012-2013,False
a33,a33,a33. The teachers treat students fairly.,11,2013-2014..2023-2024,True
a33_a32,a33_a32,a33_a32. i help other people outside of my home and school.,3,2010-2011..2012-2013,False
a34,a34,a34. I feel safe in my school.,11,2013-2014..2023-2024,True
a34_a33,a34_a33,a34_a33. did you eat breakfast today?,3,2010-2011..2012-2013,False
a35,a35,a35. My school is usually clean and tidy.,14,2010-2011..2023-2024,True
a36,a36,a36. Teachers at this school communicate with parents about what students are ex,14,2010-2011..2023-2024,True
a37,a37,a37. Parents feel welcome to participate at this school.,14,2010-2011..2023-2024,True
a37,a37c,"a37c. Were being bullied or mistreated at school - Past 30 days, did you miss a",1,2020-2021..2020-2021,False
a37a,a37a,"a37a. Does not apply; I didn't miss any school - Past 30 days, did you miss a da",1,2020-2021..2020-2021,False
a37b,a37b,"a37b. Illness (feeling physically sick), including problems with breathing or yo",1,2020-2021..2020-2021,False
a37d,a37d,"a37d. Felt very sad, hopeless, anxious, stressed, or angry - Past 30 days, did y",1,2020-2021..2020-2021,False
a37e,a37e,"a37e. Didn't get enough sleep - Past 30 days, did you miss a day of school for a",1,2020-2021..2020-2021,False
a37f,a37f,"a37f. Didn't feel safe at school or going to and from school - Past 30 days, did",1,2020-2021..2020-2021,False
a37g,a37g,"a37g. Had to take care of or help a family member or friend - Past 30 days, did",1,2020-2021..2020-2021,False
a37h,a37h,"a37h. Wanted to spend time with friends - Past 30 days, did you miss a day of sc",1,2020-2021..2020-2021,False
a37i,a37i,"a37i. Used alcohol or drugs - Past 30 days, did you miss a day of school for any",1,2020-2021..2020-2021,False
a37j,a37j,a37j. Were behind in schoolwork or weren't prepared for a test or class assignme,1,2020-2021..2020-2021,False
a37k,a37k,"a37k. Were bored or uninterested in school - Past 30 days, did you miss a day of",1,2020-2021..2020-2021,False
a37l,a37l,"a37l. Had no transportation to school - Past 30 days, did you miss a day of scho",1,2020-2021..2020-2021,False
a37m,a37m,"a37m. Other reason - Past 30 days, did you miss a day of school for any of the f",1,2020-2021..2020-2021,False
a38,a38,a38. School staff take parent concerns seriously.,14,2010-2011..2023-2024,True
a38,a38c,"a38c. Were being bullied or mistreated at school - Past 30 days, did you miss a",1,2020-2021..2020-2021,False
a38a,a38a,"a38a. Does not apply; I didn't miss any school - Past 30 days, did you miss a da",1,2020-2021..2020-2021,False
a38b,a38b,"a38b. Illness (feeling physically sick), including problems with breathing or yo",1,2020-2021..2020-2021,False
a38d,a38d,"a38d. Felt very sad, hopeless, anxious, stressed, or angry - Past 30 days, did y",1,2020-2021..2020-2021,False
a38e,a38e,"a38e. Didn't get enough sleep - Past 30 days, did you miss a day of in-person sc",1,2020-2021..2020-2021,False
a38f,a38f,"a38f. Didn't feel safe at school or going to and from school - Past 30 days, did",1,2020-2021..2020-2021,False
a38g,a38g,"a38g. Had to take care of or help a family member or friend - Past 30 days, did",1,2020-2021..2020-2021,False
a38h,a38h,"a38h. Wanted to spend time with friends - Past 30 days, did you miss a day of in",1,2020-2021..2020-2021,False
a38i,a38i,"a38i. Used alcohol or drugs - Past 30 days, did you miss a day of in-person scho",1,2020-2021..2020-2021,False
a38j,a38j,a38j. Were behind in schoolwork or weren't prepared for a test or class assignme,1,2020-2021..2020-2021,False
a38k,a38k,"a38k. Were bored or uninterested in school - Past 30 days, did you miss a day of",1,2020-2021..2020-2021,False
a38l,a38l,"a38l. Had no transportation to school - Past 30 days, did you miss a day of in-p",1,2020-2021..2020-2021,False
a38m,a38m,"a38m. Other reason - Past 30 days, did you miss a day of in-person school or sch",1,2020-2021..2020-2021,False
a39,a39,a39. It is hard for me to stay focused when doing my schoolwork.,12,2010-2011..2023-2024,True
a39,a39c,"a39c. Felt very sad, hopeless, anxious, stressed, or angry - Past 30 days, did y",1,2020-2021..2020-2021,False
a39_a38,a39_a38,"a39_a38. Lifetime, how many times have you used, derbisol",2,2013-2014..2014-2015,True
a39a,a39a,"a39a. Does not apply; I didn't miss any school - Past 30 days, did you miss a da",1,2020-2021..2020-2021,False
a39b,a39b,"a39b. Illness (feeling physically sick), including problems with breathing or yo",1,2020-2021..2020-2021,False
a39d,a39d,"a39d. Didn't get enough sleep - Past 30 days, did you miss a day of school from",1,2020-2021..2020-2021,False
a39e,a39e,"a39e. Had to take care of or help a family member or friend - Past 30 days, did",1,2020-2021..2020-2021,False
a39f,a39f,"a39f. Wanted to spend time with friends - Past 30 days, did you miss a day of sc",1,2020-2021..2020-2021,False
a39g,a39g,"a39g. Used alcohol or drugs - Past 30 days, did you miss a day of school from ho",1,2020-2021..2020-2021,False
a39h,a39h,a39h. Were behind in schoolwork or weren't prepared for a test or class assignme,1,2020-2021..2020-2021,False
a39i,a39i,"a39i. Were bored or uninterested in school - Past 30 days, did you miss a day of",1,2020-2021..2020-2021,False
a39j,a39j,"a39j. Other reason - Past 30 days, did you miss a day of school from home for an",1,2020-2021..2020-2021,False
a4,a4,a4. Are you transgender? - Some people describe themselves as transgender when h,14,2010-2011..2023-2024,True
a40,a40,a40. I am interested in the schoolwork I do when participating in school from ho,14,2010-2011..2023-2024,True
a41,a41,a41. I try hard to make sure that I am good at my schoolwork.,14,2010-2011..2023-2024,True
a42,a42,a42. I try hard on my schoolwork because I am interested in it.,11,2013-2014..2023-2024,True
a42_a40,a42_a40,"a42_a40. lifetime, used derbisol?",3,2010-2011..2012-2013,False
a43,a43,a43. I work hard to try to understand new things when doing my schoolwork.,13,2010-2011..2023-2024,True
a43_a44,a43_a44,"a43_a44. Lifetime, used a whole cigarette?",1,2016-2017..2016-2017,False
a44,a44,a44. I am always trying to do better in my schoolwork.,12,2010-2011..2023-2024,True
a44_a45,a44_a45,"a44_a45. Lifetime, used smokeless tobacco?",2,2015-2016..2016-2017,True
a45,a45,a45. School is really boring.,12,2010-2011..2023-2024,True
a45_a46,a45_a46,"a45_a46. Lifetime, used electronic cigarettes, e-cigarettes, or other vaping dev",2,2015-2016..2016-2017,True
a46,a46,a46. School is worthless and a waste of time.,5,2019-2020..2023-2024,True
a46_a39,a46_a39,"a46_a39. Lifetime, how many times have you been very drunk or sick after drinkin",2,2013-2014..2014-2015,False
a46_a41,a46_a41,"a46_a41. lifetime, used any other illegal drug or pill to get high?",3,2010-2011..2012-2013,False
a46_a47,a46_a47,"a46_a47. Lifetime, used a whole cigarette",4,2015-2016..2018-2019,True
a47,a47,a47. Who really cares about me. - There is a teacher or some other adult from my,8,2010-2011..2023-2024,True
a47_a40,a47_a40,"a47_a40. Lifetime, how many times have you been 'high' from using drugs?",2,2013-2014..2014-2015,False
a47_a48,a47_a48,"a47_a48. Lifetime, used smokeless tobacco (dip, chew, or snuff)",4,2015-2016..2018-2019,True
a48,a48,a48. Who tells me when I do a good job. - There is a teacher or some other adult,7,2010-2011..2023-2024,True
a48_a41,a48_a41,"a48_a41. Lifetime, how many times have you been drunk on alcohol or high on drug",2,2013-2014..2014-2015,True
a48_a49,a48_a49,"a48_a49. Lifetime, used a whole cigarette",5,2015-2016..2019-2020,True
a49,a49,a49. Who provides me with interesting activities to do while I am participating,8,2010-2011..2023-2024,True
a49_a42,a49_a42,"a49_a42. Had a drink of an alcoholic beverage, about how old were you the first",2,2013-2014..2014-2015,False
a49_a50,a49_a50,"a49_a50. Lifetime, used smokeless tobacco (dip, chew, or snuff)",4,2015-2016..2019-2020,True
a5,a5,a5. Which of the following best describes you?,14,2010-2011..2023-2024,True
a50,a50,a50. Who notices when I'm not there. - There is a teacher or some other adult fr,9,2010-2011..2023-2024,True
a50_a43,a50_a43,"a50_a43. Smoked part or all of a cigarette, about how old were you the first tim",2,2013-2014..2014-2015,False
a50_a51,a50_a51,"a50_a51. Lifetime, used vape products",3,2017-2018..2019-2020,True
a51,a51,a51. Who always wants me to do my best. - There is a teacher or some other adult,9,2010-2011..2023-2024,True
a51_a44,a51_a44,"a51_a44. Used smokeless tobacco or other tobacco products, about how old were yo",2,2013-2014..2014-2015,False
a51_a52,a51_a52,"a51_a52. Lifetime, used one full drink of alcohol",3,2017-2018..2019-2020,True
a52,a52,a52. Who checks on how I am feeling. - There is a teacher or some other adult fr,11,2010-2011..2023-2024,True
a52_a45,a52_a45,"a52_a45. Used marijuana or hashish, about how old were you the first time you?",2,2013-2014..2014-2015,False
a52_a53,a52_a53,"a52_a53. Lifetime, used marijuana (smoke, vape, eat, or drink)",1,2019-2020..2019-2020,False
a53,a53,a53. Who listens to me when I have something to say. - There is a teacher or som,8,2015-2016..2023-2024,True
a53_a42,a53_a42,"a53_a42. lifetime, been very drunk or sick after drinking alcohol?",3,2010-2011..2012-2013,False
a53_a46,a53_a46,"a53_a46. Used any other illegal drug, or pill to get 'high', about how old were",2,2013-2014..2014-2015,False
a53_a54,a53_a54,"a53_a54. Lifetime, used inhalants",1,2019-2020..2019-2020,False
a54,a54,a54. Who believes that I will be a success. - There is a teacher or some other a,9,2015-2016..2023-2024,True
a54_a43,a54_a43,"a54_a43. lifetime, been high from using drugs?",3,2010-2011..2012-2013,False
a54_a47,a54_a47,"a54_a47. Cigarettes - Past 30 days, how many days did you use?",2,2013-2014..2014-2015,True
a55,a55,"a55. At school, I do interesting activities.",9,2015-2016..2023-2024,True
a55_a44,a55_a44,"a55_a44. lifetime, been drunk or high on drugs on school property?",3,2010-2011..2012-2013,False
a55_a48,a55_a48,"a55_a48. Smokeless tobacco - Past 30 days, how many days did you use?",2,2013-2014..2014-2015,True
a56,a56,"a56. At school, I help decide things like class activities or rules.",8,2015-2016..2023-2024,True
a56_a45,a56_a45,"a56_a45. had a full drink of alcohol, about how old were you?",3,2010-2011..2012-2013,False
a56_a49,a56_a49,"a56_a49. Electronic cigarettes or e-cigarettes - Past 30 days, how many days did",2,2013-2014..2014-2015,True
a56_a51,a56_a51,"a56_a51. Lifetime, used any other drug, pill, or medicine to get 'high' or for o",1,2016-2017..2016-2017,False
a57,a57,"a57. At school, I do things that make a difference.",7,2017-2018..2023-2024,True
a57_a46,a57_a46,"a57_a46. smoked all or part of a cigarette, about how old were you?",3,2010-2011..2012-2013,False
a57_a50,a57_a50,"a57_a50. One drink of alcohol - Past 30 days, how many days did you use?",2,2013-2014..2014-2015,True
a57_a52,a57_a52,"a57_a52. Lifetime, have been very drunk or sick after drinking alcohol?",2,2015-2016..2016-2017,True
a58,a58,"a58. At school, I have a say in how things work.",7,2017-2018..2023-2024,True
a58_a47,a58_a47,"a58_a47. used smokeless tobacco or other tobacco products, about how old were yo",3,2010-2011..2012-2013,False
a58_a51,a58_a51,"a58_a51. Five or more drinks of alcohol in a row - Past 30 days, how many days d",2,2013-2014..2014-2015,True
a58_a53,a58_a53,"a58_a53. Lifetime, have been 'high' from using drugs?",2,2015-2016..2016-2017,True
a59,a59,"a59. At school, I help decide school activities or rules.",7,2017-2018..2023-2024,True
a59_a48,a59_a48,"a59_a48. used marijuana or hashish, about how old were you?",3,2010-2011..2012-2013,False
a59_a52,a59_a52,"a59_a52. Marijuana - Past 30 days, how many days did you use?",2,2013-2014..2014-2015,True
a59_a54,a59_a54,"a59_a54. Lifetime, have been drunk on alcohol or 'high' on drugs on school prope",2,2015-2016..2016-2017,True
a6,a6,a6. What is your race or ethnicity? (Mark All That Apply.),14,2010-2011..2023-2024,True
a6,a6c,a6c. Black or African American - What is your race or ethnicity? (Mark All That,5,2010-2011..2023-2024,True
a60,a60,"a60. When I participate in school, I do interesting activities.",5,2019-2020..2023-2024,True
a60_a49,a60_a49,"a60_a49. used any other illegal drug, about how old were you?",3,2010-2011..2012-2013,False
a60_a53,a60_a53,"a60_a53. Inhalant - Past 30 days, how many days did you use?",2,2013-2014..2014-2015,True
a60_a54,a60_a54,"a60_a54. Lifetime, used Any other drug, pill, or medicine to get 'high' or for r",2,2017-2018..2018-2019,False
a60_a55,a60_a55,"a60_a55. Past 30 days, used cigarettes?",2,2015-2016..2016-2017,True
a61,a61,"a61. When I participate in school, I help decide things like class activities or",7,2013-2014..2023-2024,True
a61_a50,a61_a50,"a61_a50. past 30 days, smoke cigarettes?",3,2010-2011..2012-2013,False
a61_a55,a61_a55,"a61_a55. Lifetime, have been very drunk or sick after drinking alcohol?",2,2017-2018..2018-2019,False
a61_a56,a61_a56,"a61_a56. Past 30 days, used smokeless tobacco?",2,2015-2016..2016-2017,True
a62,a62,"a62. When I participate in school, I do things that make a difference.",4,2019-2020..2023-2024,True
a62_a51,a62_a51,"a62_a51. past 30 days, use smokeless tobacco or snuff?",3,2010-2011..2012-2013,False
a62_a54,a62_a54,"a62_a54. Any other drug, pill, or medicine to get 'high' - Past 30 days, how man",2,2013-2014..2014-2015,True
a62_a56,a62_a56,"a62_a56. Lifetime, have been 'high' from using drugs?",2,2017-2018..2018-2019,False
a62_a57,a62_a57,"a62_a57. Past 30 days, used electronic cigarettes, e-cigarettes, or other vaping",2,2015-2016..2016-2017,True
a62_a63,a62_a63,"a62_a63. Lifetime, used a whole cigarette?",1,2022-2023..2022-2023,False
a63,a63,"a63. When I participate in school, I have a say in how things work.",5,2013-2014..2023-2024,True
a63_a52,a63_a52,"a63_a52. past 30 days, have at least one drink of alcohol?",3,2010-2011..2012-2013,False
a63_a56,a63_a56,"a63_a56. Lifetime, used Any other drug, pill, or medicine to get 'high' or for r",1,2019-2020..2019-2020,False
a63_a57,a63_a57,"a63_a57. Lifetime, have been drunk on alcohol or 'high' on drugs on school prope",2,2017-2018..2018-2019,False
a63_a58,a63_a58,"a63_a58. Past 30 days, used at least one drink of alcohol?",2,2015-2016..2016-2017,True
a63_a64,a63_a64,"a63_a64. Lifetime, used smokeless tobacco (dip, chew, or snuff)?",1,2022-2023..2022-2023,False
a64,a64,"a64. When I participate in school, I help decide school activities or rules.",3,2020-2021..2023-2024,True
a64_a53,a64_a53,"a64_a53. past 30 days, have five or more drinks of alcohol in a row, that is, w",3,2010-2011..2012-2013,False
a64_a55,a64_a55,"a64_a55. Past 30 days on school property, smoked cigarettes?",2,2013-2014..2014-2015,True
a64_a57,a64_a57,"a64_a57. Lifetime, have been very drunk or sick after drinking alcohol?",1,2019-2020..2019-2020,False
a64_a58,a64_a58,"a64_a58. Smoke it? - Lifetime, used marijuana in any of the following ways?",2,2017-2018..2018-2019,False
a64_a59,a64_a59,"a64_a59. Past 30 days, used five or more drinks of alcohol in a row, that is, wi",2,2015-2016..2016-2017,True
a64_a65,a64_a65,"a64_a65. Lifetime, used vape products?",1,2022-2023..2022-2023,False
a64_a65,a64_a65c,a64_a65c. Vaped other product? - Lifetime vape product users only,1,2022-2023..2022-2023,False
a64_a65a,a64_a65a,a64_a65a. Vaped tobacco or nicotine? - Lifetime vape product users only,1,2022-2023..2022-2023,False
a64_a65b,a64_a65b,a64_a65b. Vaped marijuana or THC? - Lifetime vape product users only,1,2022-2023..2022-2023,False
a65,a65,"a65. When I participate in school, I help decide things like class activities or",2,2020-2021..2021-2022,True
a65_a54,a65_a54,"a65_a54. past 30 days, use marijuana?",3,2010-2011..2012-2013,False
a65_a56,a65_a56,"a65_a56. Past 30 days on school property, used smokeless tobacco?",2,2013-2014..2014-2015,True
a65_a58,a65_a58,"a65_a58. Lifetime, have been 'high' from using drugs?",1,2019-2020..2019-2020,False
a65_a59,a65_a59,"a65_a59. In an electronic or e-cigarette or other vaping device? - Lifetime, use",2,2017-2018..2018-2019,False
a65_a60,a65_a60,"a65_a60. Past 30 days, used marijuana?",2,2015-2016..2016-2017,True
a65_a66,a65_a66,"a65_a66. Lifetime, used a whole cigarette?",2,2022-2023..2023-2024,True
a66,a66,"a66. When I participate in school, I do things that make a difference.",2,2020-2021..2021-2022,True
a66_a55,a66_a55,"a66_a55. past 30 days, use inhalants?",3,2010-2011..2012-2013,False
a66_a57,a66_a57,"a66_a57. Past 30 days on school property, used electronic cigarettes, e-cigarett",2,2013-2014..2014-2015,True
a66_a59,a66_a59,"a66_a59. Lifetime, have been drunk on alcohol or 'high' on drugs on school prope",1,2019-2020..2019-2020,False
a66_a60,a66_a60,"a66_a60. Eat or drink it in products made with marijuana? - Lifetime, used marij",2,2017-2018..2018-2019,False
a66_a61,a66_a61,"a66_a61. Past 30 days, used inhalants?",2,2015-2016..2016-2017,True
a66_a67,a66_a67,"a66_a67. Lifetime, used smokeless tobacco (dip, chew, or snuff)?",2,2022-2023..2023-2024,True
a67,a67,"a67. When I participate in school, I have a say in how things work.",6,2010-2011..2021-2022,True
a67_a58,a67_a58,"a67_a58. Past 30 days on school property, had at least one drink of alcohol?",2,2013-2014..2014-2015,True
a67_a60,a67_a60,"a67_a60. Smoke it? - Lifetime, used marijuana in any of the following ways?",1,2019-2020..2019-2020,False
a67_a61,a67_a61,"a67_a61. Past 30 days, used cigarettes?",2,2017-2018..2018-2019,False
a67_a62,a67_a62,"a67_a62. Past 30 days, used inhalants?",1,2015-2016..2015-2016,False
a67_a68,a67_a68,"a67_a68. Lifetime, used vape products?",2,2022-2023..2023-2024,True
a67_a68,a67_a68c,a67_a68c. Vaped other product? - Lifetime vape product users only,1,2023-2024..2023-2024,False
a67_a68a,a67_a68a,a67_a68a. Vaped tobacco or nicotine? - Lifetime vape product users only,1,2023-2024..2023-2024,False
a67_a68b,a67_a68b,a67_a68b. Vaped marijuana or THC? - Lifetime vape product users only,1,2023-2024..2023-2024,False
a68,a68,"a68. Lifetime, used cocaine, methamphetamine, or any amphetamines?",7,2010-2011..2022-2023,True
a68_a59,a68_a59,"a68_a59. Past 30 days on school property, smoked marijuana?",2,2013-2014..2014-2015,True
a68_a61,a68_a61,"a68_a61. In a vaping device? - Lifetime, used marijuana in any of the following",1,2019-2020..2019-2020,False
a68_a62,a68_a62,"a68_a62. Past 30 days, used smokeless tobacco?",3,2016-2017..2018-2019,True
a68_a69,a68_a69,"a68_a69. Lifetime, used one full drink of alcohol?",1,2023-2024..2023-2024,False
a69,a69,"a69. Lifetime, used relevan?",6,2010-2011..2022-2023,True
a69_a60,a69_a60,"a69_a60. Past 30 days on school property, used any other illegal drug or pill to",2,2013-2014..2014-2015,True
a69_a62,a69_a62,"a69_a62. Eat or drink it in products made with marijuana? - Lifetime, used marij",1,2019-2020..2019-2020,False
a69_a63,a69_a63,"a69_a63. Past 30 days, used electronic cigarettes, e-cigarettes, or other vaping",3,2015-2016..2018-2019,True
a69_a70,a69_a70,"a69_a70. Lifetime, used marijuana (smoke, vape, eat, or drink)?",2,2021-2022..2023-2024,True
a6a,a6a,a6a. American Indian or Alaska Native - What is your race or ethnicity? (Mark Al,5,2010-2011..2023-2024,True
a6b,a6b,a6b. Asian or Asian American - What is your race or ethnicity? (Mark All That Ap,5,2010-2011..2023-2024,True
a6d,a6d,a6d. Hispanic or Latinx - What is your race or ethnicity? (Mark All That Apply.),5,2010-2011..2023-2024,True
a6e,a6e,a6e. Native Hawaiian or Pacific Islander - What is your race or ethnicity? (Mark,5,2010-2011..2023-2024,True
a6f,a6f,a6f. White - What is your race or ethnicity? (Mark All That Apply.),5,2010-2011..2023-2024,True
a6g,a6g,a6g. Something else - What is your race or ethnicity? (Mark All That Apply.),5,2010-2011..2023-2024,True
a7,a7,"a7. If you are Asian or Pacific Islander, which groups best describe you? (Mark",14,2010-2011..2023-2024,True
a7,a7c,"a7c. Cambodian - If you are Asian or Pacific Islander, which groups best describ",8,2010-2011..2023-2024,True
a70,a70,"a70. Lifetime, used ecstasy, LSD, or other psychedelics?",3,2015-2016..2022-2023,True
a70_a56,a70_a56,"a70_a56. past 30 days, use any other drug or pill?",3,2010-2011..2012-2013,False
a70_a61,a70_a61,"a70_a61. Smoke cigarettes occasionally, how much do people risk harming themselv",2,2013-2014..2014-2015,True
a70_a63,a70_a63,"a70_a63. Past 30 days, used cigarettes?",2,2016-2017..2019-2020,True
a70_a64,a70_a64,"a70_a64. Past 30 days, used one or more drinks of alcohol?",2,2017-2018..2018-2019,False
a70_a71,a70_a71,"a70_a71. Lifetime, used inhalants?",2,2021-2022..2023-2024,True
a71,a71,"a71. Lifetime, used cocaine, methamphetamine, or any amphetamines?",5,2010-2011..2023-2024,True
a71_a62,a71_a62,"a71_a62. Smoke 1-2 packs of cigarettes each day, how much do people risk harming",2,2013-2014..2014-2015,True
a71_a64,a71_a64,"a71_a64. Past 30 days, used smokeless tobacco?",3,2015-2016..2019-2020,True
a71_a65,a71_a65,"a71_a65. Past 30 days, used five or more drinks of alcohol in a row, that is, wi",2,2017-2018..2018-2019,False
a71_a72,a71_a72,"a71_a72. Lifetime, used vape products?",2,2020-2021..2021-2022,True
a71a_a72a,a71a_a72a,a71a_a72a. Vaped tobacco or nicotine? - Lifetime vape product users only,1,2021-2022..2021-2022,False
a71b_a72b,a71b_a72b,a71b_a72b. Vaped marijuana or THC? - Lifetime vape product users only,1,2021-2022..2021-2022,False
a71c_a72c,a71c_a72c,a71c_a72c. Vaped other product? - Lifetime vape product users only,1,2021-2022..2021-2022,False
a72,a72,"a72. Lifetime, used relevan?",2,2022-2023..2023-2024,True
a72_a57,a72_a57,"a72_a57. past 30 days on school property, smoked cigarettes?",3,2010-2011..2012-2013,False
a72_a63,a72_a63,"a72_a63. Drink alcohol occasionally, how much do people risk harming themselves",2,2013-2014..2014-2015,True
a72_a65,a72_a65,"a72_a65. Past 30 days, used vape products?",3,2015-2016..2019-2020,True
a72_a66,a72_a66,"a72_a66. Past 30 days, used marijuana (smoke, vape, eat, or drink)?",2,2017-2018..2018-2019,False
a72_a73,a72_a73,"a72_a73. Lifetime, used one full drink of alcohol?",2,2020-2021..2021-2022,True
a73,a73,"a73. Lifetime, used ecstasy, LSD, or other psychedelics?",1,2023-2024..2023-2024,False
a73_a58,a73_a58,"a73_a58. past 30 days on school property, one drink of alcohol?",3,2010-2011..2012-2013,False
a73_a64,a73_a64,"a73_a64. Have five or more drinks of an alcoholic beverage once or twice a week,",2,2013-2014..2014-2015,True
a73_a66,a73_a66,"a73_a66. Past 30 days, used one or more drinks of alcohol?",3,2015-2016..2019-2020,True
a73_a67,a73_a67,"a73_a67. Past 30 days, used inhalants?",2,2017-2018..2018-2019,False
a73_a70,a73_a70,"a73_a70. Lifetime, used any other drug, pill, or medicine to get 'high' or for r",1,2022-2023..2022-2023,False
a73_a74,a73_a74,"a73_a74. Lifetime, used marijuana (smoke, vape, eat, or drink)?",2,2020-2021..2021-2022,True
a74,a74,"a74. Lifetime, used prescription pain medication?",3,2017-2018..2023-2024,True
a74_a59,a74_a59,"a74_a59. past 30 days on school property, smoked marijuana?",3,2010-2011..2012-2013,False
a74_a65,a74_a65,"a74_a65. Smoke marijuana occasionally, how much do people risk harming themselve",2,2013-2014..2014-2015,True
a74_a67,a74_a67,"a74_a67. Past 30 days, used five or more drinks of alcohol in a row, that is, wi",3,2015-2016..2019-2020,True
a74_a71,a74_a71,"a74_a71. Lifetime, have been very drunk or sick after drinking alcohol?",1,2022-2023..2022-2023,False
a74_a75,a74_a75,"a74_a75. Lifetime, used inhalants?",2,2020-2021..2021-2022,True
a75,a75,"a75. Lifetime, used cold/cough medicines or other OTC medicines to get 'high'?",2,2021-2022..2023-2024,True
a75_a60,a75_a60,"a75_a60. past 30 days, used any other illegal drug or pill on school property?",3,2010-2011..2012-2013,False
a75_a66,a75_a66,"a75_a66. Smoke marijuana once or twice a week, how much do people risk harming t",2,2013-2014..2014-2015,True
a75_a68,a75_a68,"a75_a68. Past 30 days, used marijuana (smoke, vape, eat, or drink)?",5,2015-2016..2019-2020,True
a75_a72,a75_a72,"a75_a72. Lifetime, have been 'high' from using drugs?",1,2022-2023..2022-2023,False
a75_a76,a75_a76,"a75_a76. Lifetime, used marijuana (smoke, vape, eat, or drink)?",1,2020-2021..2020-2021,False
a76,a76,"a76. Lifetime, used relevan?",3,2017-2018..2021-2022,True
a76_a63,a76_a63,a76_a63. how do you like to drink alcohol?,3,2010-2011..2012-2013,False
a76_a67,a76_a67,"a76_a67. Cigarettes, how difficult is it for students in your grade to get if th",2,2013-2014..2014-2015,True
a76_a69,a76_a69,"a76_a69. Past 30 days, used inhalants?",3,2015-2016..2019-2020,True
a76_a73,a76_a73,"a76_a73. Lifetime, used any other drug, pill, or medicine to get 'high' or for r",2,2022-2023..2023-2024,True
a76_a77,a76_a77,"a76_a77. Lifetime, used inhalants?",1,2020-2021..2020-2021,False
a77,a77,"a77. Lifetime, used ecstasy, LSD, or other psychedelics?",6,2010-2011..2021-2022,True
a77_a68,a77_a68,"a77_a68. Alcohol, how difficult is it for students in your grade to get if they",2,2013-2014..2014-2015,True
a77_a69,a77_a69,"a77_a69. Past 30 days on school property, used cigarettes?",2,2017-2018..2018-2019,False
a77_a70,a77_a70,a77_a70. Smoke 1-2 packs of cigarettes each day - How much do people risk harmin,2,2015-2016..2016-2017,True
a77_a74,a77_a74,"a77_a74. Lifetime, have been very drunk or sick after drinking alcohol?",2,2022-2023..2023-2024,True
a78,a78,"a78. Lifetime, used prescription pain medication?",2,2020-2021..2021-2022,True
a78_a64,a78_a64,"a78/a64. smoke cigarettes occasionally, how much do people risk harming themsel",3,2010-2011..2012-2013,False
a78_a69,a78_a69,"a78_a69. Marijuana, how difficult is it for students in your grade to get if the",2,2013-2014..2014-2015,True
a78_a70,a78_a70,"a78_a70. Past 30 days, used any other drug, pill, or medicine to get 'high' or f",3,2017-2018..2019-2020,True
a78_a71,a78_a71,a78_a71. Drink alcohol occasionally - How much do people risk harming themselves,2,2015-2016..2016-2017,True
a78_a75,a78_a75,"a78_a75. Lifetime, have been 'high' from using drugs?",2,2022-2023..2023-2024,True
a79,a79,"a79. Lifetime, used cold/cough medicines or other OTC medicines to get 'high'?",4,2013-2014..2021-2022,True
a79_a65,a79_a65,"a79/a65. smoke 1-2 packs cigarettes, how much do people risk harming themselves",3,2010-2011..2012-2013,False
a79_a70,a79_a70,a79_a70. How do you feel about someone your age smoking one or more packs of cig,1,2014-2015..2014-2015,False
a79_a71,a79_a71,"a79_a71. Past 30 days on school property, used electronic cigarettes, e-cigarett",2,2017-2018..2018-2019,False
a79_a72,a79_a72,a79_a72. Have five or more drinks of an alcoholic beverage once or twice a week,2,2015-2016..2016-2017,True
a79_a76,a79_a76,"a79_a76. Lifetime, have been drunk on alcohol or 'high' on drugs on school prope",2,2022-2023..2023-2024,True
a7a,a7a,a7a. Does not apply; I am not Asian or Pacific Islander - If you are Asian or Pa,8,2010-2011..2023-2024,True
a7b,a7b,"a7b. Asian Indian - If you are Asian or Pacific Islander, which groups best desc",8,2010-2011..2023-2024,True
a7d,a7d,"a7d. Chinese - If you are Asian or Pacific Islander, which groups best describe",8,2010-2011..2023-2024,True
a7e,a7e,"a7e. Filipino - If you are Asian or Pacific Islander, which groups best describe",8,2010-2011..2023-2024,True
a7f,a7f,"a7f. Hmong - If you are Asian or Pacific Islander, which groups best describe yo",8,2010-2011..2023-2024,True
a7g,a7g,"a7g. Japanese - If you are Asian or Pacific Islander, which groups best describe",8,2010-2011..2023-2024,True
a7h,a7h,"a7h. Korean - If you are Asian or Pacific Islander, which groups best describe y",8,2010-2011..2023-2024,True
a7i,a7i,"a7i. Laotian - If you are Asian or Pacific Islander, which groups best describe",8,2010-2011..2023-2024,True
a7j,a7j,"a7j. Vietnamese - If you are Asian or Pacific Islander, which groups best descri",8,2010-2011..2023-2024,True
a7k,a7k,"a7k. Native Hawaiian, Guamanian, Samoan, Tahitian, or other Pacific Islander - I",8,2010-2011..2023-2024,True
a7l,a7l,"a7l. Other Asian - If you are Asian or Pacific Islander, which groups best descr",7,2016-2017..2023-2024,False
a8,a8,"a8. If you are Hispanic or Latinx, which groups best describe you? (Mark All Tha",14,2010-2011..2023-2024,True
a8,a8c,"a8c. Cuban - If you are Hispanic or Latinx, which groups best describe you? (Mar",11,2010-2011..2023-2024,True
a80,a80,"a80. Lifetime, used ecstasy, LSD, or other psychedelics?",3,2013-2014..2020-2021,True
a80_a66,a80_a66,"a80/a66. drink alcohol occasionally, how much do people risk harming themselves",3,2010-2011..2012-2013,False
a80_a71,a80_a71,"a80_a71. Past 30 days on school property, did you smoke cigarettes?",1,2019-2020..2019-2020,False
a80_a72,a80_a72,"a80_a72. Past 30 days on school property, used at least one drink of alcohol?",2,2017-2018..2018-2019,False
a80_a73,a80_a73,a80_a73. Smoke marijuana occasionally - How much do people risk harming themselv,2,2015-2016..2016-2017,True
a80_a77,a80_a77,"a80_a77. Smoke it? - Lifetime marijuana users only - Lifetime, used marijuana in",3,2021-2022..2023-2024,True
a81,a81,"a81. Lifetime, used prescription pain medication?",3,2013-2014..2020-2021,True
a81_a67,a81_a67,"a81/a67. five or more drinks of alcohol once or twice a week, how much do peopl",3,2010-2011..2012-2013,False
a81_a72,a81_a72,"a81_a72. Past 30 days on school property, did you use smokeless tobacco?",1,2019-2020..2019-2020,False
a81_a73,a81_a73,"a81_a73. Past 30 days on school property, used marijuana (smoke, vape, eat, or d",2,2017-2018..2018-2019,False
a81_a74,a81_a74,a81_a74. Smoke marijuana once or twice a week - How much do people risk harming,2,2015-2016..2016-2017,True
a81_a78,a81_a78,"a81_a78. In a vaping device? - Lifetime marijuana users only - Lifetime, used ma",3,2021-2022..2023-2024,True
a82,a82,"a82. Lifetime, used tranquilizers or sedatives?",3,2013-2014..2020-2021,True
a82_a68,a82_a68,"a82/a68. use marijuana occasionally, how much do people risk harming themselves",3,2010-2011..2012-2013,False
a82_a73,a82_a73,"a82_a73. Past 30 days on school property, did you vape?",1,2019-2020..2019-2020,False
a82_a74,a82_a74,"a82_a74. Past 30 days on school property, used any other drug, pill, or medicine",2,2017-2018..2018-2019,False
a82_a75,a82_a75,a82_a75. Cigarettes - how difficult is it for students in your grade to get if t,2,2015-2016..2016-2017,True
a82_a79,a82_a79,a82_a79. Eat or drink it in products made with marijuana? - Lifetime marijuana u,3,2021-2022..2023-2024,True
a82_a79,a82_a79c,"a82_a79c. Past 30 days, vaped other product? - Current vape users only",1,2022-2023..2022-2023,False
a82_a79a,a82_a79a,"a82_a79a. Past 30 days, vaped tobacco or nicotine? - Current vape users only",1,2022-2023..2022-2023,False
a82_a79b,a82_a79b,"a82_a79b. Past 30 days, vaped marijuana or THC? - Current vape users only",1,2022-2023..2022-2023,False
a83,a83,"a83. Lifetime, used diet pills?",2,2014-2015..2020-2021,True
a83_a69,a83_a69,"a83/a69. once or twice a week, how much do people risk harming themselves?",3,2010-2011..2012-2013,False
a83_a71,a83_a71,a83_a71. How safe do you feel when you are at school?,1,2013-2014..2013-2014,False
a83_a74,a83_a74,"a83_a74. Past 30 days on school property, did you have at least one drink of alc",1,2019-2020..2019-2020,False
a83_a75,a83_a75,a83_a75. Smoke cigarettes occasionally - How much do people risk harming themsel,2,2017-2018..2018-2019,False
a83_a76,a83_a76,a83_a76. Alcohol - how difficult is it for students in your grade to get if they,2,2015-2016..2016-2017,True
a83_a80,a83_a80,"a83_a80. Past 30 days, used cigarettes?",3,2021-2022..2023-2024,True
a84,a84,"a84. Lifetime, used Ritalin or Adderall or other prescription stimulant?",1,2020-2021..2020-2021,False
a84_a70,a84_a70,"a84/a70. cigarettes, difficulty for students to get?",3,2010-2011..2012-2013,False
a84_a72,a84_a72,a84_a72. How safe do you feel when you are at school?,1,2014-2015..2014-2015,False
a84_a73,a84_a73,"a84_a73. Past 12 months, been pushed, shoved, slapped, hit, or kicked by someone",1,2013-2014..2013-2014,False
a84_a75,a84_a75,"a84_a75. Past 30 days on school property, did you use marijuana (smoke, vape, ea",1,2019-2020..2019-2020,False
a84_a76,a84_a76,a84_a76. Smoke 1 or more packs of cigarettes each day - How much do people risk,2,2017-2018..2018-2019,False
a84_a77,a84_a77,a84_a77. Marijuana - how difficult is it for students in your grade to get if th,2,2015-2016..2016-2017,True
a84_a81,a84_a81,"a84_a81. Past 30 days, used smokeless tobacco (dip, chew, or snuff)?",3,2021-2022..2023-2024,True
a85,a85,"a85. Lifetime, used cold/cough medicines or other OTC medicines to get 'high'?",2,2016-2017..2020-2021,True
a85_a71,a85_a71,"a85/a71. alcohol, difficulty for students to get?",3,2010-2011..2012-2013,False
a85_a74,a85_a74,"a85_a74. Past 12 months, been pushed, shoved, slapped, hit, or kicked by someone",2,2013-2014..2014-2015,True
a85_a76,a85_a76,"a85_a76. Past 30 days on school property, did you use any other drug, pill, or m",1,2019-2020..2019-2020,False
a85_a77,a85_a77,a85_a77. Use e-cigarettes or vaping device occasionally - How much do people ris,2,2017-2018..2018-2019,True
a85_a78,a85_a78,a85_a78. Marijuana - how difficult is it for students in your grade to get if th,1,2015-2016..2015-2016,False
a85_a82,a85_a82,"a85_a82. Past 30 days, used vape products?",3,2021-2022..2023-2024,True
a85_a82,a85_a82c,"a85_a82c. Past 30 days, vaped other product? - Current vape users only",1,2023-2024..2023-2024,False
a85_a82a,a85_a82a,"a85_a82a. Past 30 days, vaped tobacco or nicotine? - Current vape users only",1,2023-2024..2023-2024,False
a85_a82b,a85_a82b,"a85_a82b. Past 30 days, vaped marijuana or THC? - Current vape users only",1,2023-2024..2023-2024,False
a86,a86,a86. Alcohol - how many times have you tried to quit or stop using?,1,2016-2017..2016-2017,False
a86_a72,a86_a72,"a86/a72. marijuana, difficulty for students to get?",3,2010-2011..2012-2013,False
a86_a75,a86_a75,"a86_a75. Past 12 months, been afraid of being beaten up?",2,2013-2014..2014-2015,True
a86_a77,a86_a77,"a86_a77. Past 30 days on school property, did you breathe the smoke or vapor fro",1,2019-2020..2019-2020,False
a86_a78,a86_a78,a86_a78. Use e-cigarettes or vaping devices several times a day - How much do pe,2,2017-2018..2018-2019,True
a86_a79,a86_a79,"a86_a79. Lifetime, used any other drug, pill, or medicine to get 'high' or for r",2,2015-2016..2020-2021,True
a86_a83,a86_a83,"a86_a83. Past 30 days, used one or more drinks of alcohol?",3,2021-2022..2023-2024,True
a87,a87,"a87. Past 30 days, used prescription drugs to get 'high' or for reasons other th",3,2015-2016..2022-2023,True
a87_a73,a87_a73,"a87/a73. about how many students, smoke cigarettes at least once a month?",3,2010-2011..2012-2013,False
a87_a76,a87_a76,"a87_a76. Past 12 months, been in a physical fight?",2,2013-2014..2014-2015,True
a87_a78,a87_a78,a87_a78. Smoke cigarettes occasionally - How much do people risk harming themsel,1,2019-2020..2019-2020,False
a87_a79,a87_a79,a87_a79. Drink alcohol occasionally - How much do people risk harming themselves,2,2017-2018..2018-2019,False
a87_a80,a87_a80,"a87_a80. Lifetime, have been very drunk or sick after drinking alcohol?",1,2020-2021..2020-2021,False
a87_a84,a87_a84,"a87_a84. Past 30 days, used five or more drinks of alcohol in a row, that is, wi",2,2021-2022..2023-2024,True
a88,a88,"a88. Lifetime, how many times have you ever driven a car when you had been drink",2,2015-2016..2016-2017,True
a88_a74,a88_a74,"a88/a74. about how many student, ever tried marijuana?",3,2010-2011..2012-2013,False
a88_a77,a88_a77,"a88_a77. Past 12 months, had mean rumors or lies spread about you?",2,2013-2014..2014-2015,True
a88_a79,a88_a79,a88_a79. Smoke 1 or more packs of cigarettes each day - How much do people risk,1,2019-2020..2019-2020,False
a88_a80,a88_a80,a88_a80. Have five or more drinks of alcohol once or twice a week - How much do,2,2017-2018..2018-2019,False
a88_a81,a88_a81,"a88_a81. Lifetime, have been 'high' from using drugs?",1,2020-2021..2020-2021,False
a88_a84,a88_a84,"a88_a84. Past 30 days, used any other drug, pill, or medicine to get 'high' or f",1,2022-2023..2022-2023,False
a88_a85,a88_a85,"a88_a85. Past 30 days, used marijuana (smoke, vape, eat, or drink)?",2,2021-2022..2023-2024,True
a89,a89,"a89. Past 30 days, used two or more substances at the same time?",5,2010-2011..2022-2023,True
a89_a78,a89_a78,"a89_a78. Past 12 months, had sexual jokes, comments, or gestures made to you?",2,2013-2014..2014-2015,True
a89_a79,a89_a79,a89_a79. How safe do you feel when you are at school?,1,2016-2017..2016-2017,False
a89_a80,a89_a80,a89_a80. Use vape products occasionally - How much do people risk harming themse,1,2019-2020..2019-2020,False
a89_a81,a89_a81,"a89_a81. Use marijuana occasionally (smoke, vape, eat, or drink) - How much do p",2,2017-2018..2018-2019,True
a89_a82,a89_a82,"a89_a82. Lifetime, have been drunk on alcohol or 'high' on drugs on school prope",1,2020-2021..2020-2021,False
a89_a86,a89_a86,"a89_a86. Past 30 days, used inhalants?",2,2021-2022..2023-2024,True
a89a_a86a,a89a_a86a,"a89a_a86a. Past 30 days, vaped tobacco or nicotine? - Current vape users only",1,2021-2022..2021-2022,False
a89b_a86b,a89b_a86b,"a89b_a86b. Past 30 days, vaped marijuana or THC? - Current vape users only",1,2021-2022..2021-2022,False
a89c_a86c,a89c_a86c,"a89c_a86c. Past 30 days, vaped other product? - Current vape users only",1,2021-2022..2021-2022,False
a8a,a8a,a8a. Does not apply; I am not Hispanic or Latinx - If you are Hispanic or Latinx,11,2010-2011..2023-2024,True
a8b,a8b,"a8b. Colombian - If you are Hispanic or Latinx, which groups best describe you?",11,2010-2011..2023-2024,True
a8d,a8d,"a8d. Dominican - If you are Hispanic or Latinx, which groups best describe you?",11,2010-2011..2023-2024,True
a8e,a8e,"a8e. Guatemalan - If you are Hispanic or Latinx, which groups best describe you?",11,2010-2011..2023-2024,True
a8f,a8f,"a8f. Honduran - If you are Hispanic or Latinx, which groups best describe you? (",11,2010-2011..2023-2024,True
a8g,a8g,"a8g. Mexican - If you are Hispanic or Latinx, which groups best describe you? (M",11,2010-2011..2023-2024,True
a8h,a8h,"a8h. Puerto Rican - If you are Hispanic or Latinx, which groups best describe yo",11,2010-2011..2023-2024,True
a8i,a8i,"a8i. Salvadoran - If you are Hispanic or Latinx, which groups best describe you?",11,2010-2011..2023-2024,True
a8j,a8j,"a8j. Other Hispanic or Latinx - If you are Hispanic or Latinx, which groups best",11,2010-2011..2023-2024,True
a8k,a8k,"a8k. Native Hawaiian, Guamanian, Samoan, Tahitian, or other Pacific Islander - I",7,2010-2011..2019-2020,True
a8l,a8l,"a8l. Other Asian - If you are Asian or Pacific Islander, which groups best descr",7,2010-2011..2019-2020,True
a9,a9,"a9. What best describes where you live? A home includes a house, apartment, trai",14,2010-2011..2023-2024,True
a9,a9c,(unlabeled),1,2010-2011..2010-2011,False
a90,a90,"a90. Past 30 days, used prescription drugs to get 'high' or for reasons other th",5,2010-2011..2023-2024,True
a90,a90c,a90c. aod problems - get into trouble or  have problems with the police?,3,2010-2011..2012-2013,False
a90_a79,a90_a79,"a90_a79. Past 12 months, been made fun of because of your looks or the way you t",2,2013-2014..2014-2015,True
a90_a81,a90_a81,a90_a81. Use vape products several times a day - How much do people risk harming,2,2016-2017..2019-2020,True
a90_a82,a90_a82,a90_a82. Use marijuana daily - How much do people risk harming themselves physic,2,2017-2018..2018-2019,False
a90_a83,a90_a83,"a90_a83. Smoke it? - Lifetime, used marijuana in any of the following ways?",1,2020-2021..2020-2021,False
a90_a85,a90_a85,"a90_a85. Past 30 days on school property, did you smoke cigarettes?",1,2022-2023..2022-2023,False
a90_a87,a90_a87,"a90_a87. Past 30 days, used one or more drinks of alcohol?",1,2021-2022..2021-2022,False
a90a,a90a,"a90a. does not apply, i never used alcohol or other drugs",3,2010-2011..2012-2013,False
a90b,a90b,"a90b. aod problems _ emotions, nerves or mental health",3,2010-2011..2012-2013,False
a90d,a90d,a90d. aod problems - have money problems?,3,2010-2011..2012-2013,False
a90e,a90e,a90e. aod problems - get into trouble in school,3,2010-2011..2012-2013,False
a90f,a90f,a90f. aod problems - to have problems with school work?,3,2010-2011..2012-2013,False
a90g,a90g,a90g. aod problems - to have a fight with other kids?,3,2010-2011..2012-2013,False
a90h,a90h,a90h. aod problems - to damage a friendship?,3,2010-2011..2012-2013,False
a90i,a90i,a90i. aod problems - to physically hurt or injure yourself?,3,2010-2011..2012-2013,False
a90j,a90j,a90j. aod problems - have unwanted or unprotected sex?,3,2010-2011..2012-2013,False
a90k,a90k,"a90k. aod problems - forget what happened, pass out or lose control?",3,2010-2011..2012-2013,False
a90l,a90l,a90l. aod problems - other problems?,3,2010-2011..2012-2013,False
a90m,a90m,a90m. i've used alcohol or other drugs but never had any problems?,3,2010-2011..2012-2013,False
a91_a75,a91_a75,"a91_a75. smoking one or more packs of cigarettes a day, how do you feel about so",3,2010-2011..2012-2013,False
a91_a80,a91_a80,"a91_a80. Past 12 months, had your property stolen or deliberately damaged, such",2,2013-2014..2014-2015,True
a91_a81,a91_a81,a91_a81. How safe do you feel when you are at school?,1,2015-2016..2015-2016,False
a91_a82,a91_a82,a91_a82. Drink alcohol occasionally - How much do people risk harming themselves,2,2016-2017..2019-2020,True
a91_a83,a91_a83,a91_a83. Cigarettes - How difficult is it for students in your grade to get any,2,2017-2018..2018-2019,True
a91_a84,a91_a84,"a91_a84. In a vaping device? - Lifetime, used marijuana in any of the following",1,2020-2021..2020-2021,False
a91_a86,a91_a86,"a91_a86. Past 30 days on school property, did you use smokeless tobacco?",1,2022-2023..2022-2023,False
a91_a87,a91_a87,"a91_a87. Past 30 days, used any other drug, pill, or medicine to get 'high' or f",1,2023-2024..2023-2024,False
a91_a88,a91_a88,"a91_a88. Past 30 days, used five or more drinks of alcohol in a row, that is, wi",1,2021-2022..2021-2022,False
a92,a92,"a92. Past 30 days, used two or more substances at the same time?",1,2023-2024..2023-2024,False
a92_a76,a92_a76,"a92_a76. having one or more drinks of alcohol every day, how do you feel about s",3,2010-2011..2012-2013,False
a92_a81,a92_a81,"a92_a81. Past 12 months, been offered, sold, or given an illegal drug?",2,2013-2014..2014-2015,True
a92_a83,a92_a83,a92_a83. Have five or more drinks of alcohol once or twice a week - How much do,3,2015-2016..2019-2020,True
a92_a84,a92_a84,a92_a84. E-cigarettes or vaping device - How difficult is it for students in you,2,2017-2018..2018-2019,False
a92_a85,a92_a85,"a92_a85. Eat or drink it in products made with marijuana? - Lifetime, used marij",1,2020-2021..2020-2021,False
a92_a87,a92_a87,"a92_a87. Past 30 days on school property, did you vape?",1,2022-2023..2022-2023,False
a92_a89,a92_a89,"a92_a89. Past 30 days, used marijuana (smoke, vape, eat, or drink)?",1,2021-2022..2021-2022,False
a93_a77,a93_a77,"a93_a77. trying marijuana or hashish, how do you feel about someone your own age",3,2010-2011..2012-2013,False
a93_a82,a93_a82,"a93_a82. Past 12 months, damaged school property on purpose?",2,2013-2014..2014-2015,True
a93_a84,a93_a84,"a93_a84. Use marijuana occasionally (smoke, vape, eat, or drink) - How much do p",3,2015-2016..2019-2020,True
a93_a85,a93_a85,a93_a85. Alcohol - How difficult is it for students in your grade to get any of,2,2017-2018..2018-2019,True
a93_a86,a93_a86,"a93_a86. Past 30 days, used cigarettes?",1,2020-2021..2020-2021,False
a93_a88,a93_a88,"a93_a88. Past 30 days on school property, did you smoke cigarettes?",2,2022-2023..2023-2024,True
a93_a90,a93_a90,"a93_a90. Past 30 days, used inhalants?",1,2021-2022..2021-2022,False
a94,a94,"a94. Past 30 days, used prescription drugs to get 'high' or for reasons other th",1,2021-2022..2021-2022,False
a94_a78,a94_a78,"a94_78. using marijuana once a month or more, how do you feel about someone your",3,2010-2011..2012-2013,False
a94_a83,a94_a83,"a94_a83. Past 12 months, carried a gun?",2,2013-2014..2014-2015,True
a94_a85,a94_a85,a94_a85. Use marijuana daily - How much do people risk harming themselves physic,3,2015-2016..2019-2020,True
a94_a86,a94_a86,a94_a86. Marijuana - How difficult is it for students in your grade to get any o,2,2017-2018..2018-2019,True
a94_a87,a94_a87,"a94_a87. Past 30 days, used smokeless tobacco (dip, chew, or snuff)?",1,2020-2021..2020-2021,False
a94_a89,a94_a89,"a94_a89. Past 30 days on school property, did you use smokeless tobacco?",2,2022-2023..2023-2024,True
a95,a95,a95. Cigarettes - How many times have you tried to quit or stop using,2,2017-2018..2018-2019,False
a95_a79,a95_a79,"a95_a79. carrying a weapon to school, how do you feel about someone your own age",3,2010-2011..2012-2013,False
a95_a84,a95_a84,"a95_a84. Past 12 months, carried any other weapon?",2,2013-2014..2014-2015,True
a95_a86,a95_a86,a95_a86. Cigarettes - How difficult is it for students in your grade to get any,3,2015-2016..2019-2020,True
a95_a88,a95_a88,"a95_a88. Past 30 days, used vape products?",1,2020-2021..2020-2021,False
a95_a90,a95_a90,"a95_a90. Past 30 days on school property, did you vape?",2,2022-2023..2023-2024,True
a95_a91,a95_a91,"a95_a91. Past 30 days, used any other drug, pill, or medicine to get 'high' or f",1,2021-2022..2021-2022,False
a96,a96,"a96. Past 30 days, used two or more substances at the same time?",3,2017-2018..2021-2022,True
a96_a80,a96_a80,a96_a80. how would your friends feel about you smoking one or more packs of ciga,3,2010-2011..2012-2013,False
a96_a85,a96_a85,"a96_a85. Past 12 months, been threatened or injured with a weapon?",2,2013-2014..2014-2015,True
a96_a87,a96_a87,a96_a87. Vape products - How difficult is it for students in your grade to get a,3,2015-2016..2019-2020,True
a96_a89,a96_a89,"a96_a89. Past 30 days, used one or more drinks of alcohol?",1,2020-2021..2020-2021,False
a96_a91,a96_a91,"a96_a91. Past 30 days on school property, did you have at least one drink of alc",2,2022-2023..2023-2024,True
a97,a97,a97. Marijuana - How many times have you tried to quit or stop using,5,2010-2011..2018-2019,True
a97,a97c,"a97c. aod experience - recently spent a lot of time getting, using, or being 'h",3,2010-2011..2012-2013,False
a97_a86,a97_a86,"a97_a86. Past 12 months, seen someone carrying a gun, knife, or other weapon",2,2013-2014..2014-2015,True
a97_a88,a97_a88,a97_a88. Alcohol - How difficult is it for students in your grade to get any of,3,2015-2016..2019-2020,True
a97_a90,a97_a90,"a97_a90. Past 30 days, used five or more drinks of alcohol in a row, that is, wi",1,2020-2021..2020-2021,False
a97_a92,a97_a92,"a97_a92. Past 30 days on school property, did you use marijuana (smoke, vape, ea",3,2021-2022..2023-2024,True
a97a,a97a,"a97a. does not apply, i do not use alcohol or drugs?",3,2010-2011..2012-2013,False
a97b,a97b,a97b. aod experience - found you had to increase how much you use to have the s,3,2010-2011..2012-2013,False
a97d,a97d,a97d. aod experience - used alcohol or drugs a lot more than you intended?,3,2010-2011..2012-2013,False
a97e,a97e,a97e. aod experience - used alcohol or drugs when you were alone?,3,2010-2011..2012-2013,False
a97f,a97f,a97f. aod experience - your use of alcohol or drugs often kept you from going t,3,2010-2011..2012-2013,False
a97g,a97g,a97g. aod experience _ didn't like the way you when you were not high or drunk,3,2010-2011..2012-2013,False
a97h,a97h,a97h. aod experience - thought about reducing or stopping use?,3,2010-2011..2012-2013,False
a97i,a97i,a97i. aod experience - told yourself you were not going to use but found yourse,3,2010-2011..2012-2013,False
a97j,a97j,a97j. aod experience - spoke with someone about reducing or stopping use?,3,2010-2011..2012-2013,False
a97k,a97k,"a97k. aod experience - attended counseling, a program or group to help you redu",3,2010-2011..2012-2013,False
a97l,a97l,a97l. i've used alcohol or other drugs but never experienced any of these thing,3,2010-2011..2012-2013,False
a98,a98,"a98. Lifetime, driven a car when you had been using alcohol or drugs, or been in",2,2017-2018..2018-2019,False
a98_a61,a98_a61,"a98_a61. past 12 months, talked with parent about dangers of tobacco, alcohol, o",3,2010-2011..2012-2013,False
a98_a87,a98_a87,"a98_a87. Past 12 months, been threatened with harm or injury?",2,2013-2014..2014-2015,True
a98_a89,a98_a89,a98_a89. Marijuana - How difficult is it for students in your grade to get any o,3,2015-2016..2019-2020,True
a98_a91,a98_a91,"a98_a91. Past 30 days, used marijuana (smoke, vape, eat, or drink)?",1,2020-2021..2020-2021,False
a98_a93,a98_a93,"a98_a93. Past 30 days on school property, did you use any other drug, pill, or m",3,2021-2022..2023-2024,True
a99,a99,a99. How many times have you tried to quit or stop using cigarettes?,1,2019-2020..2019-2020,False
a99_a62,a99_a62,"a99_a62. past 12 months, heard or read or watched messages about alcohol or toba",3,2010-2011..2012-2013,False
a99_a88,a99_a88,a99_a88. How safe do you feel when you are at school?,4,2013-2014..2018-2019,True
a99_a90,a99_a90,"a99_a90. Past 12 months at school, carried a gun?",2,2015-2016..2016-2017,True
a99_a92,a99_a92,"a99_a92. Past 30 days, used inhalants?",1,2020-2021..2020-2021,False
a99_a94,a99_a94,"a99_a94. Past 30 days on school property, did you breathe the smoke or vapor fro",3,2021-2022..2023-2024,True
a9_old,a9_old,a9_old. What best describes where you live?,1,2013-2014..2013-2014,False
a9a,a9a,(unlabeled),1,2010-2011..2010-2011,False
a9b,a9b,(unlabeled),1,2010-2011..2010-2011,False
a9d,a9d,(unlabeled),1,2010-2011..2010-2011,False
a9e,a9e,(unlabeled),1,2010-2011..2010-2011,False
a9f,a9f,(unlabeled),1,2010-2011..2010-2011,False
a9g,a9g,(unlabeled),1,2010-2011..2010-2011,False
a9h,a9h,(unlabeled),1,2010-2011..2010-2011,False
a9i,a9i,(unlabeled),1,2010-2011..2010-2011,False
a9j,a9j,(unlabeled),1,2010-2011..2010-2011,False
a9k,a9k,(unlabeled),1,2010-2011..2010-2011,False
a9l,a9l,(unlabeled),1,2010-2011..2010-2011,False
a9m,a9m,(unlabeled),1,2010-2011..2010-2011,False
acadmotiv,acadmotiv,Academic motivation,7,2013-2014..2019-2020,False
acadmotiv,acadmotiv_agree,Academic motivation - % 'Agree' or 'Strongly agree',6,2018-2019..2023-2024,False
acadmotiv,acadmotiv_hi,High academic motivation,4,2013-2014..2016-2017,False
acadmotiv,acadmotivc,Academic motivation category,7,2013-2014..2019-2020,False
acadmotiv_sagree,acadmotiv_sagree,Academic motivation - % reporting 'Strongly agree',1,2017-2018..2017-2018,False
alky30,alky30,(unlabeled),1,2010-2011..2010-2011,False
aodused,aodused,(unlabeled),1,2010-2011..2010-2011,False
aware,aware,Self awareness,6,2014-2015..2019-2020,False
aware,aware_hi,High self awareness,3,2014-2015..2016-2017,False
aware,aware_true,Self awareness - % 'Pretty much true' or 'Very much true',6,2018-2019..2023-2024,False
aware,aware_vmtrue,Self awareness - % reporting 'Very much true',1,2017-2018..2017-2018,False
aware,awarec,Self awareness category,6,2014-2015..2019-2020,False
beliefothers,beliefothers,Belief in others (SEHM),2,2016-2017..2019-2020,False
beliefothers,beliefothers_hi,High belief in others (SEHM),1,2016-2017..2016-2017,False
beliefothers,beliefothers_true,Belief in others - % 'Pretty much true' or 'Very much true' (SEHM),5,2019-2020..2023-2024,False
beliefothers,beliefothersc,Belief in others category (SEHM),2,2016-2017..2019-2020,False
beliefself,beliefself,Belief in self (SEHM),2,2016-2017..2019-2020,False
beliefself,beliefself_hi,High belief in self (SEHM),1,2016-2017..2016-2017,False
beliefself,beliefself_true,Belief in self - % 'Pretty much true' or 'Very much true' (SEHM),5,2019-2020..2023-2024,False
beliefself,beliefselfc,Belief in self category (SEHM),2,2016-2017..2019-2020,False
bh1,bh1,"bh1. Talks with me about my problems. - In my home, there is a parent or some ot",2,2022-2023..2023-2024,True
bh10,bh10,"bh10. At my school, I feel socially accepted.",2,2022-2023..2023-2024,True
bh11,bh11,"bh11. At my school, I feel that I matter to others.",2,2022-2023..2023-2024,True
bh12,bh12,bh12. How safe do you feel at home or the place where you live?,2,2022-2023..2023-2024,True
bh13,bh13,bh13. How safe do you feel in the neighborhood where you live?,2,2022-2023..2023-2024,True
bh14,bh14,"bh14. Past 30 days, I got upset easily or got into arguments or physical fights.",2,2022-2023..2023-2024,True
bh15,bh15,"bh15. Past 30 days, I had trouble concentrating or paying attention.",2,2022-2023..2023-2024,True
bh16,bh16,"bh16. Past 30 days, I had trouble feeling happiness or love.",2,2022-2023..2023-2024,True
bh17,bh17,"bh17. Past 30 days, I felt alone even when I was around other people.",2,2022-2023..2023-2024,True
bh18,bh18,"bh18. Past 30 days, I had trouble going to sleep, woke up often, or had trouble",2,2022-2023..2023-2024,True
bh19,bh19,bh19. How often do you feel lonely?,2,2022-2023..2023-2024,True
bh2,bh2,"bh2. Helps me when I am upset. - In my home, there is a parent or some other adu",2,2022-2023..2023-2024,True
bh20,bh20,bh20. How often do you feel that you are no longer close to anyone?,2,2022-2023..2023-2024,True
bh20,bh20c,bh20c. Go without eating for 12 hours or more - Lose/maintain weight only - Duri,1,2022-2023..2022-2023,False
bh20a,bh20a,"bh20a. Exercise - Lose/maintain weight only - During the past 30 days, please in",1,2022-2023..2022-2023,False
bh20b,bh20b,"bh20b. Eat less food, fewer calories, or foods low in fat - Lose/maintain weight",1,2022-2023..2022-2023,False
bh20d,bh20d,"bh20d. Take appetite suppressants, powders, or liquids without a doctor's advice",1,2022-2023..2022-2023,False
bh20e,bh20e,bh20e. Vomit or take laxatives - Lose/maintain weight only - During the past 30,1,2022-2023..2022-2023,False
bh21,bh21,"bh21. When everybody around you gets angry, how relaxed can you stay?",2,2022-2023..2023-2024,True
bh22,bh22,bh22. How often are you able to control your emotions when you need to?,2,2022-2023..2023-2024,True
bh23,bh23,"bh23. When things go wrong for you, how calm are you able to remain?",2,2022-2023..2023-2024,True
bh24,bh24,"bh24. Past 30 days, how satisfied have you been with your weight and shape?",2,2022-2023..2023-2024,True
bh25,bh25,bh25. Which of the following are you trying to do about your weight?,2,2022-2023..2023-2024,True
bh25,bh25c,bh25c. Go without eating for 12 hours or more - Lose/maintain weight only - Past,1,2023-2024..2023-2024,False
bh25a,bh25a,"bh25a. Exercise - Lose/maintain weight only - Past 30 days, indicate which you o",1,2023-2024..2023-2024,False
bh25b,bh25b,"bh25b. Eat less food, fewer calories, or food lower in fat - Lose/maintain weigh",1,2023-2024..2023-2024,False
bh25d,bh25d,"bh25d. Take diet pills, powder, or liquids without a doctor's advice - Lose/main",1,2023-2024..2023-2024,False
bh25e,bh25e,"bh25e. Vomit or take laxatives - Lose/maintain weight only - Past 30 days, indic",1,2023-2024..2023-2024,False
bh26,bh26,"bh26. During the past 12 months, how many times did you do something to purposel",2,2022-2023..2023-2024,True
bh27,bh27,"bh27. Stomachaches - In the last 2 weeks, how much were you bothered by the foll",2,2022-2023..2023-2024,True
bh28,bh28,"bh28. Headaches - In the last 2 weeks, how much were you bothered by the followi",2,2022-2023..2023-2024,True
bh29,bh29,"bh29. Pains in your lower back - In the last 2 weeks, how much were you bothered",2,2022-2023..2023-2024,True
bh3,bh3,"bh3. Makes me feel good about myself. - In my home, there is a parent or some ot",2,2022-2023..2023-2024,True
bh30,bh30,"bh30. Feeling faint or dizzy - In the last 2 weeks, how much were you bothered b",2,2022-2023..2023-2024,True
bh30,bh30c,"bh30c. Get help from a counselor or therapist - If you were feeling very sad, st",1,2022-2023..2022-2023,False
bh30a,bh30a,bh30a. Talk to a teacher or another adult from your school - If you were feeling,1,2022-2023..2022-2023,False
bh30b,bh30b,bh30b. Talk to your parents or someone else in your family - If you were feeling,1,2022-2023..2022-2023,False
bh30d,bh30d,"bh30d. Talk to your friends - If you were feeling very sad, stressed, lonely or",1,2022-2023..2022-2023,False
bh30e,bh30e,"bh30e. Be afraid to get help - If you were feeling very sad, stressed, lonely or",1,2022-2023..2022-2023,False
bh30f,bh30f,"bh30f. Not know what to do - If you were feeling very sad, stressed, lonely or d",1,2022-2023..2022-2023,False
bh31,bh31,bh31. Heart beating too fast (even when you are not exercising) - In the last 2,2,2022-2023..2023-2024,True
bh32,bh32,"bh32. I know where to go or who to contact at school when I am very sad, stresse",2,2022-2023..2023-2024,True
bh33,bh33,bh33. People at my school talk openly about mental health.,2,2022-2023..2023-2024,True
bh33,bh33c,"bh33c. From a counselor or therapist not from my school (in person, by phone or",1,2022-2023..2022-2023,False
bh33a,bh33a,"bh33a. Nowhere - In the past year, where did you get help from a counselor or th",1,2022-2023..2022-2023,False
bh33b,bh33b,"bh33b. At school (in person, by phone or online) - In the past year, where did y",1,2022-2023..2022-2023,False
bh33d,bh33d,"bh33d. Somewhere else - In the past year, where did you get help from a counselo",1,2022-2023..2022-2023,False
bh33e,bh33e,"bh33e. I don't know - In the past year, where did you get help from a counselor",1,2022-2023..2022-2023,False
bh34,bh34,bh34. My school encourages students to take care of their mental health.,2,2022-2023..2023-2024,True
bh35,bh35,bh35. Talking to an adult could help them feel better. - If someone my age felt,2,2022-2023..2023-2024,True
bh35,bh35c,"bh35c. They wouldn't understand  - If you were very sad, stressed, lonely or dep",1,2022-2023..2022-2023,False
bh35a,bh35a,"bh35a. You wouldn't know where to go for help - If you were very sad, stressed,",1,2022-2023..2022-2023,False
bh35b,bh35b,"bh35b. There isn't anyone you can talk to - If you were very sad, stressed, lone",1,2022-2023..2022-2023,False
bh35d,bh35d,bh35d. People would think there's something wrong with you - If you were very sa,1,2022-2023..2022-2023,False
bh35e,bh35e,"bh35e. Your parents might find out  - If you were very sad, stressed, lonely or",1,2022-2023..2022-2023,False
bh35f,bh35f,"bh35f. Other students might find out - If you were very sad, stressed, lonely or",1,2022-2023..2022-2023,False
bh35g,bh35g,"bh35g. You wouldn't have a way to pay for it - If you were very sad, stressed, l",1,2022-2023..2022-2023,False
bh35h,bh35h,bh35h. You wouldn't want to talk to a counselor or therapist - If you were very,1,2022-2023..2022-2023,False
bh35i,bh35i,"bh35i. Other reasons - If you were very sad, stressed, lonely or depressed, woul",1,2022-2023..2022-2023,False
bh35j,bh35j,"bh35j. Does not apply, none of these things would stop me from talking to a coun",1,2022-2023..2022-2023,False
bh36,bh36,bh36. Kids at my school would be nice to them. - If someone my age felt very sad,1,2023-2024..2023-2024,False
bh37,bh37,"bh37. If you were feeling very sad, stressed, lonely, or depressed, would you...",1,2023-2024..2023-2024,False
bh37,bh37c,"bh37c. Get help from a counselor or therapist - If you were feeling very sad, st",1,2023-2024..2023-2024,False
bh37a,bh37a,bh37a. Talk to a teacher or another adult from your school - If you were feeling,1,2023-2024..2023-2024,False
bh37b,bh37b,bh37b. Talk to your parents or someone else in your family - If you were feeling,1,2023-2024..2023-2024,False
bh37d,bh37d,"bh37d. Talk to your friends - If you were feeling very sad, stressed, lonely, or",1,2023-2024..2023-2024,False
bh37e,bh37e,"bh37e. Be afraid to get help - If you were feeling very sad, stressed, lonely, o",1,2023-2024..2023-2024,False
bh37f,bh37f,"bh37f. Not know what to do - If you were feeling very sad, stressed, lonely, or",1,2023-2024..2023-2024,False
bh38,bh38,"bh38. In the past year, did you want to talk to a counselor or therapist about f",1,2023-2024..2023-2024,False
bh39,bh39,"bh39. In the past year, did you get help from a counselor or therapist when you",1,2023-2024..2023-2024,False
bh4,bh4,bh4. Talks with me about my problems. - I have a friend my age who...,2,2022-2023..2023-2024,True
bh40,bh40,"bh40. In the past year, where did you get help from a counselor or therapist? (M",1,2023-2024..2023-2024,False
bh40,bh40c,bh40c. From a counselor or therapist not from my school - Got help when needed i,1,2023-2024..2023-2024,False
bh40a,bh40a,"bh40a. Nowhere - Got help when needed it only - In the past year, where did you",1,2023-2024..2023-2024,False
bh40b,bh40b,"bh40b. At school - Got help when needed it only - In the past year, where did yo",1,2023-2024..2023-2024,False
bh40d,bh40d,"bh40d. Somewhere else - Got help when needed it only - In the past year, where d",1,2023-2024..2023-2024,False
bh40e,bh40e,"bh40e. I don't know - Got help when needed it only - In the past year, where did",1,2023-2024..2023-2024,False
bh41,bh41,"bh41. In the past year, did an adult at school refer or connect you to a counsel",1,2023-2024..2023-2024,False
bh42,bh42,"bh42. If you were very sad, stressed, lonely, or depressed, would any of these t",1,2023-2024..2023-2024,False
bh42,bh42c,"bh42c. They wouldn't understand - If you were very sad, stressed, lonely, or dep",1,2023-2024..2023-2024,False
bh42a,bh42a,"bh42a. I would not know where to go for help - If you were very sad, stressed, l",1,2023-2024..2023-2024,False
bh42b,bh42b,"bh42b. There isn't anyone I could talk to - If you were very sad, stressed, lone",1,2023-2024..2023-2024,False
bh42d,bh42d,bh42d. People would think there is something wrong with me - If you were very sa,1,2023-2024..2023-2024,False
bh42e,bh42e,"bh42e. My parents might find out - If you were very sad, stressed, lonely, or de",1,2023-2024..2023-2024,False
bh42f,bh42f,"bh42f. Other students might find out - If you were very sad, stressed, lonely, o",1,2023-2024..2023-2024,False
bh42g,bh42g,"bh42g. I wouldn't have a way to pay for it - If you were very sad, stressed, lon",1,2023-2024..2023-2024,False
bh42h,bh42h,bh42h. I wouldn't want to talk to a counselor or therapist - If you were very sa,1,2023-2024..2023-2024,False
bh42i,bh42i,"bh42i. Other reasons - If you were very sad, stressed, lonely, or depressed, wou",1,2023-2024..2023-2024,False
bh42j,bh42j,"bh42j. Does not apply, none of these things would stop me from talking to a coun",1,2023-2024..2023-2024,False
bh5,bh5,bh5. Helps me when I am upset. - I have a friend my age who...,2,2022-2023..2023-2024,True
bh6,bh6,bh6. Makes me feel good about myself. - I have a friend my age who...,2,2022-2023..2023-2024,True
bh7,bh7,"bh7. Would understand my problems if I shared them. - At my school, there is a t",2,2022-2023..2023-2024,True
bh8,bh8,"bh8. Would be helpful to me if I came to school upset. - At my school, there is",2,2022-2023..2023-2024,True
bh9,bh9,"bh9. Makes me feel good about myself. - At my school, there is a teacher or othe",2,2022-2023..2023-2024,True
bhc1,bhc1,"bhc1. Where do you usually go for help when you are sick, need medical care, or",11,2013-2014..2023-2024,True
bhc10,bhc10,"bhc10. Past 7 days, how many days did you exercise or do physical activity for a",11,2013-2014..2023-2024,True
bhc11,bhc11,bhc11. This school has clean and drinkable water.,11,2013-2014..2023-2024,True
bhc11,bhc11c,"bhc11c. Lunch served at school - Last day attended school, did you eat or drink.",1,2017-2018..2017-2018,False
bhc11a,bhc11a,"bhc11a. One or more glasses of water - Last day attended school, did you eat or",1,2017-2018..2017-2018,False
bhc11b,bhc11b,"bhc11b. Breakfast served at school - Last day attended school, did you eat or dr",1,2017-2018..2017-2018,False
bhc11d,bhc11d,"bhc11d. A glass or can of sweetened soda, a sports drink, an energy drink, or an",1,2017-2018..2017-2018,False
bhc11e,bhc11e,"bhc11e. None of the above - Last day attended school, did you eat or drink...",1,2017-2018..2017-2018,False
bhc12,bhc12,bhc12. This school encourages students to feel responsible for how they act.,11,2013-2014..2023-2024,True
bhc12,bhc12c,bhc12c. I like the fresh fruits and vegetables served at school. - Which of the,1,2017-2018..2017-2018,False
bhc12a,bhc12a,bhc12a. I like the food served there. - Which of the following statements about,1,2017-2018..2017-2018,False
bhc12b,bhc12b,bhc12b. They serve the right amount of food. - Which of the following statements,1,2017-2018..2017-2018,False
bhc12d,bhc12d,bhc12d. It is embarrassing to eat cafeteria food. - Which of the following state,1,2017-2018..2017-2018,False
bhc12e,bhc12e,bhc12e. They post information about the nutritional content of foods in the cafe,1,2017-2018..2017-2018,False
bhc12f,bhc12f,bhc12f. I don't feel safe there. - Which of the following statements about your,1,2017-2018..2017-2018,False
bhc12g,bhc12g,bhc12g. It is clean. - Which of the following statements about your school cafet,1,2017-2018..2017-2018,False
bhc13,bhc13,bhc13. This school encourages students to understand how others think and feel.,11,2013-2014..2023-2024,True
bhc14,bhc14,bhc14. Students are taught that they can control their own behavior.,11,2013-2014..2023-2024,True
bhc15,bhc15,bhc15. This school helps students resolve conflicts with one another.,11,2013-2014..2023-2024,True
bhc16,bhc16,bhc16. This school encourages students to care about how others feel.,11,2013-2014..2023-2024,True
bhc16,bhc16c,bhc16c. Empty or abandoned buildings - Major problems in your neighborhood...,1,2017-2018..2017-2018,False
bhc16a,bhc16a,bhc16a. Bullying - Major problems in your neighborhood...,1,2017-2018..2017-2018,False
bhc16b,bhc16b,bhc16b. Crime - Major problems in your neighborhood...,1,2017-2018..2017-2018,False
bhc16d,bhc16d,bhc16d. Fights - Major problems in your neighborhood...,1,2017-2018..2017-2018,False
bhc16e,bhc16e,bhc16e. Gangs - Major problems in your neighborhood...,1,2017-2018..2017-2018,False
bhc16f,bhc16f,bhc16f. Graffiti - Major problems in your neighborhood...,1,2017-2018..2017-2018,False
bhc16g,bhc16g,bhc16g. Liquor stores and/or bars - Major problems in your neighborhood...,1,2017-2018..2017-2018,False
bhc16h,bhc16h,bhc16h. People selling drugs - Major problems in your neighborhood...,1,2017-2018..2017-2018,False
bhc16i,bhc16i,bhc16i. Police treating people unfairly - Major problems in your neighborhood...,1,2017-2018..2017-2018,False
bhc16j,bhc16j,bhc16j. Unemployment - Major problems in your neighborhood...,1,2017-2018..2017-2018,False
bhc16k,bhc16k,bhc16k. Lack of access to parks and recreation - Major problems in your neighbor,1,2017-2018..2017-2018,False
bhc16l,bhc16l,bhc16l. Lack of affordable places to live - Major problems in your neighborhood.,1,2017-2018..2017-2018,False
bhc16m,bhc16m,bhc16m. Poor living conditions - Major problems in your neighborhood...,1,2017-2018..2017-2018,False
bhc17,bhc17,bhc17. The rules in this school are too strict.,11,2013-2014..2023-2024,True
bhc18,bhc18,bhc18. It is easy for students to get kicked out of class or get suspended.,11,2013-2014..2023-2024,True
bhc19,bhc19,bhc19. It is easy for students to get kicked out of class (in-person or remote),11,2013-2014..2023-2024,True
bhc2,bhc2,"bhc2. At school, where do you usually go for help when you are sick, need medica",11,2013-2014..2023-2024,True
bhc20,bhc20,bhc20. Students get in trouble for breaking small rules.,11,2013-2014..2023-2024,True
bhc21,bhc21,bhc21. How safe do you feel in the neighborhood where you live?,11,2013-2014..2023-2024,True
bhc22,bhc22,bhc22. How safe do you feel in your neighborhood parks and playgrounds?,11,2013-2014..2023-2024,True
bhc23,bhc23,"bhc23. Past 12 months, how many times in your neighborhood have you seen someone",11,2013-2014..2023-2024,True
bhc23,bhc23c,"bhc23c. French fries, potato chips or other fried potatoes. Last day attended sc",4,2013-2014..2016-2017,True
bhc23a,bhc23a,"bhc23a. A glass or can or sweetened soda. Last day attended school, did you...",4,2013-2014..2016-2017,True
bhc23b,bhc23b,"bhc23b. A glass or can of 100 percent fruit juice. Last day attended school, did",4,2013-2014..2016-2017,True
bhc23d,bhc23d,"bhc23d. Raw or whole fruit (do not count juice). Last day attended school, did y",4,2013-2014..2016-2017,True
bhc23e,bhc23e,"bhc23e. Vegetables. Last day attended school, did you...",4,2013-2014..2016-2017,True
bhc23f,bhc23f,"bhc23f. One or more glasses of water. Last day attended school, did you...",4,2013-2014..2016-2017,True
bhc23g,bhc23g,"bhc23g. Breakfast served at school. Last day attended school, did you...",4,2013-2014..2016-2017,True
bhc23h,bhc23h,"bhc23h. Lunch served at school. Last day attended school, did you...",4,2013-2014..2016-2017,True
bhc23i,bhc23i,"bhc23i. None of the above. Last day attended school, did you...",4,2013-2014..2016-2017,True
bhc24,bhc24,bhc24. Which of the following are major problems in your neighborhood? (Mark all,11,2013-2014..2023-2024,True
bhc24,bhc24c,bhc24c. Empty or abandoned buildings - Major problems in your neighborhood...,2,2019-2020..2023-2024,False
bhc24a,bhc24a,bhc24a. Bullying - Major problems in your neighborhood...,2,2019-2020..2023-2024,False
bhc24b,bhc24b,bhc24b. Crime - Major problems in your neighborhood...,2,2019-2020..2023-2024,False
bhc24d,bhc24d,bhc24d. Fights - Major problems in your neighborhood...,2,2019-2020..2023-2024,False
bhc24e,bhc24e,bhc24e. Gangs - Major problems in your neighborhood...,2,2019-2020..2023-2024,False
bhc24f,bhc24f,bhc24f. Graffiti - Major problems in your neighborhood...,2,2019-2020..2023-2024,False
bhc24g,bhc24g,bhc24g. Availability of alcohol for youth - Major problems in your neighborhood.,2,2019-2020..2023-2024,False
bhc24h,bhc24h,bhc24h. People selling drugs - Major problems in your neighborhood...,2,2019-2020..2023-2024,False
bhc24i,bhc24i,bhc24i. Police treating people unfairly - Major problems in your neighborhood...,2,2019-2020..2023-2024,False
bhc24j,bhc24j,bhc24j. Lack of access to parks and recreation - Major problems in your neighbor,2,2019-2020..2023-2024,False
bhc24k,bhc24k,bhc24k. Lack of affordable places to live - Major problems in your neighborhood.,2,2019-2020..2023-2024,False
bhc24l,bhc24l,bhc24l. Poor living conditions - Major problems in your neighborhood...,2,2019-2020..2023-2024,False
bhc24m,bhc24m,bhc24m. None of the above - Major problems in your neighborhood...,2,2019-2020..2023-2024,False
bhc25,bhc25,"bhc25. Who really cares about me. - Outside of my home and school, there is an a",11,2013-2014..2023-2024,True
bhc25,bhc25c,bhc25c. Empty or abandoned buildings - Major problems in your neighborhood...,8,2013-2014..2022-2023,True
bhc25a,bhc25a,bhc25a. Bullying - Major problems in your neighborhood...,8,2013-2014..2022-2023,True
bhc25b,bhc25b,bhc25b. Crime - Major problems in your neighborhood...,8,2013-2014..2022-2023,True
bhc25d,bhc25d,bhc25d. Fights - Major problems in your neighborhood...,8,2013-2014..2022-2023,True
bhc25e,bhc25e,bhc25e. Gangs - Major problems in your neighborhood...,8,2013-2014..2022-2023,True
bhc25f,bhc25f,bhc25f. Graffiti - Major problems in your neighborhood...,8,2013-2014..2022-2023,True
bhc25g,bhc25g,bhc25g. Availability of alcohol for youth - Major problems in your neighborhood.,4,2018-2019..2022-2023,False
bhc25h,bhc25h,bhc25h. People selling drugs - Major problems in your neighborhood...,4,2018-2019..2022-2023,False
bhc25i,bhc25i,bhc25i. Police treating people unfairly - Major problems in your neighborhood...,4,2018-2019..2022-2023,False
bhc25j,bhc25j,bhc25j. Lack of access to parks and recreation - Major problems in your neighbor,4,2018-2019..2022-2023,False
bhc25k,bhc25k,bhc25k. Lack of affordable places to live - Major problems in your neighborhood.,4,2018-2019..2022-2023,False
bhc25l,bhc25l,bhc25l. Poor living conditions - Major problems in your neighborhood...,4,2018-2019..2022-2023,False
bhc25m,bhc25m,bhc25m. None of the above - Major problems in your neighborhood...,4,2018-2019..2022-2023,False
bhc26,bhc26,"bhc26. Who tells me when I do a good job. - Outside of my home and school, there",11,2013-2014..2023-2024,True
bhc27,bhc27,bhc27. Who notices when I am upset about something. - Outside of my home and sch,11,2013-2014..2023-2024,True
bhc28,bhc28,"bhc28. Who believes I will be a success. - Outside of my home and school, there",11,2013-2014..2023-2024,True
bhc29,bhc29,"bhc29. Who always wants me to do my best. - Outside of my home and school, there",11,2013-2014..2023-2024,True
bhc3,bhc3,bhc3. When did you last visit a dentist to get your teeth checked or cleaned?,11,2013-2014..2023-2024,True
bhc30,bhc30,"bhc30. Whom I trust. - Outside of my home and school, there is an adult...",11,2013-2014..2023-2024,True
bhc30,bhc30c,bhc30c. Empty or abandoned buildings. Which are major problems in your neighborh,3,2014-2015..2016-2017,False
bhc30a,bhc30a,bhc30a. Bullying. Which are major problems in your neighborhood?,3,2014-2015..2016-2017,False
bhc30b,bhc30b,bhc30b. Crime. Which are major problems in your neighborhood?,3,2014-2015..2016-2017,False
bhc30d,bhc30d,bhc30d. Fights. Which are major problems in your neighborhood?,3,2014-2015..2016-2017,False
bhc30e,bhc30e,bhc30e. Gangs. Which are major problems in your neighborhood?,3,2014-2015..2016-2017,False
bhc30f,bhc30f,bhc30f. Graffiti. Which are major problems in your neighborhood?,3,2014-2015..2016-2017,False
bhc30g,bhc30g,bhc30g. Liquor stores or bars. Which are major problems in your neighborhood?,3,2014-2015..2016-2017,False
bhc30h,bhc30h,bhc30h. People selling drugs. Which are major problems in your neighborhood?,3,2014-2015..2016-2017,False
bhc30i,bhc30i,bhc30i. Police treating people unfairly. Which are major problems in your neighb,3,2014-2015..2016-2017,False
bhc30j,bhc30j,bhc30j. Unemployment. Which are major problems in your neighborhood?,3,2014-2015..2016-2017,False
bhc31,bhc31,bhc31. I feel close to people in my community/neighborhood.,11,2013-2014..2023-2024,True
bhc31,bhc31c,bhc31c. BHC module # 31,1,2013-2014..2013-2014,False
bhc31a,bhc31a,bhc31a. BHC module # 31,1,2013-2014..2013-2014,False
bhc31b,bhc31b,bhc31b. BHC module # 31,1,2013-2014..2013-2014,False
bhc31d,bhc31d,bhc31d. BHC module # 31,1,2013-2014..2013-2014,False
bhc31e,bhc31e,bhc31e. BHC module # 31,1,2013-2014..2013-2014,False
bhc31f,bhc31f,bhc31f. BHC module # 31,1,2013-2014..2013-2014,False
bhc31g,bhc31g,bhc31g. BHC module # 31,1,2013-2014..2013-2014,False
bhc31h,bhc31h,bhc31h. BHC module # 31,1,2013-2014..2013-2014,False
bhc31i,bhc31i,bhc31i. BHC module # 31,1,2013-2014..2013-2014,False
bhc31j,bhc31j,bhc31j. BHC module # 31,1,2013-2014..2013-2014,False
bhc32,bhc32,bhc32. I am happy to live in my community/neighborhood.,11,2013-2014..2023-2024,True
bhc33,bhc33,bhc33. I feel like I am a part of my community/neighborhood.,11,2013-2014..2023-2024,True
bhc33,bhc33c,bhc33c. Attend a trade school or receive other job training. What do you plan to,3,2014-2015..2016-2017,False
bhc33a,bhc33a,bhc33a. Go to a 2 year college. What do you plan to do after high school?,3,2014-2015..2016-2017,False
bhc33b,bhc33b,bhc33b. Go to a 4 year college or university. What do you plan to do after high,3,2014-2015..2016-2017,False
bhc33d,bhc33d,bhc33d. Get a job. What do you plan to do after high school?,3,2014-2015..2016-2017,False
bhc33e,bhc33e,bhc33e. Enter the military. What do you plan to do after high school?,3,2014-2015..2016-2017,False
bhc33f,bhc33f,bhc33f. Travel. What do you plan to do after high school?,3,2014-2015..2016-2017,False
bhc33g,bhc33g,bhc33g. Volunteer or do an internship at an organization. What do you plan to do,3,2014-2015..2016-2017,False
bhc33h,bhc33h,bhc33h. I don't know yet. What do you plan to do after high school?,3,2014-2015..2016-2017,False
bhc34,bhc34,bhc34. I feel connected to my community/neighborhood.,11,2013-2014..2023-2024,True
bhc34,bhc34c,bhc34c. Collected signatures on a petition or asked people about their opinions,2,2013-2014..2017-2018,True
bhc34a,bhc34a,"bhc34a. Wrote or made a presentation about a community issue - Past 12 months, i",2,2013-2014..2017-2018,True
bhc34b,bhc34b,bhc34b. Planned or participated in a meeting or event (like a march or rally) di,2,2013-2014..2017-2018,True
bhc34d,bhc34d,"bhc34d. Talked to people about voting - Past 12 months, in your community",2,2013-2014..2017-2018,True
bhc34e,bhc34e,bhc34e. Met personally with a community official or staff member - Past 12 month,2,2013-2014..2017-2018,True
bhc34f,bhc34f,"bhc34f. Sent an email, letter, or other communication to a public figure or orga",2,2013-2014..2017-2018,True
bhc34g,bhc34g,"bhc34g. Posted your views on a blog, Facebook, Instagram, Twitter, other social",2,2013-2014..2017-2018,True
bhc34h,bhc34h,bhc34h. Volunteered time for an organization active in community change - Past 1,2,2013-2014..2017-2018,True
bhc34i,bhc34i,bhc34i. Changed your online profile picture to demonstrate solidarity with a pol,1,2017-2018..2017-2018,False
bhc34j,bhc34j,"bhc34j. Attended a meeting of a government or public agency, such as a city coun",1,2017-2018..2017-2018,False
bhc34k,bhc34k,bhc34k. None of the above - select the items that you have done in your communit,1,2017-2018..2017-2018,False
bhc35,bhc35,bhc35. I feel safe in my community/neighborhood.,11,2013-2014..2023-2024,True
bhc36,bhc36,bhc36. I have spent time participating in community service or a volunteer activ,11,2013-2014..2023-2024,True
bhc37,bhc37,bhc37. I have worked with other people to help my community.,11,2013-2014..2023-2024,True
bhc38,bhc38,"bhc38. I have participated in groups or organizational activities, like clubs, s",11,2013-2014..2023-2024,True
bhc39,bhc39,bhc39. I have participated in community efforts to create positive change.,11,2013-2014..2023-2024,True
bhc4,bhc4,"bhc4. Medical care when you were sick or hurt or needed a checkup - Past year, h",11,2013-2014..2023-2024,True
bhc40,bhc40,bhc40. I have contributed to discussions about community activities or issues.,11,2013-2014..2023-2024,True
bhc41,bhc41,bhc41. How frequently would you say you get personally involved in efforts to tr,11,2013-2014..2023-2024,True
bhc42,bhc42,bhc42. Please select the items that you have done in your community in the past,11,2013-2014..2023-2024,True
bhc42,bhc42c,bhc42c. Collected signatures on a petition or asked people about their opinions,2,2019-2020..2023-2024,False
bhc42a,bhc42a,"bhc42a. Wrote or made a presentation about a community issue - Past 12 months, i",2,2019-2020..2023-2024,False
bhc42b,bhc42b,bhc42b. Planned or participated in a meeting or event (like a march or rally) di,2,2019-2020..2023-2024,False
bhc42d,bhc42d,"bhc42d. Talked to people about voting - Past 12 months, in your community...",2,2019-2020..2023-2024,True
bhc42e,bhc42e,bhc42e. Met personally with a community official or staff member - Past 12 month,2,2019-2020..2023-2024,False
bhc42f,bhc42f,"bhc42f. Sent an email, letter, or other communication to a public figure or orga",2,2019-2020..2023-2024,False
bhc42g,bhc42g,"bhc42g. Posted your views on a blog, Facebook, Instagram, Twitter, other social",2,2019-2020..2023-2024,False
bhc42h,bhc42h,bhc42h. Volunteered time for an organization active in community change - Past 1,2,2019-2020..2023-2024,False
bhc42i,bhc42i,bhc42i. Changed your online profile picture to demonstrate solidarity with a pol,2,2019-2020..2023-2024,False
bhc42j,bhc42j,"bhc42j. Attended a meeting of a government or public agency, such as a city coun",2,2019-2020..2023-2024,False
bhc42k,bhc42k,"bhc42k. None of the above - Past 12 months, in your community...",2,2019-2020..2023-2024,True
bhc43,bhc43,bhc43. I trust the police. - When thinking about police officers in your neighbo,11,2013-2014..2023-2024,True
bhc43,bhc43c,bhc43c. Collected signatures on a petition or asked people about their opinions,4,2018-2019..2022-2023,False
bhc43a,bhc43a,"bhc43a. Wrote or made a presentation about a community issue - Past 12 months, i",4,2018-2019..2022-2023,False
bhc43b,bhc43b,bhc43b. Planned or participated in a meeting or event (like a march or rally) di,4,2018-2019..2022-2023,False
bhc43d,bhc43d,"bhc43d. Talked to people about voting - Past 12 months, in your community...",4,2018-2019..2022-2023,True
bhc43e,bhc43e,bhc43e. Met personally with a community official or staff member - Past 12 month,4,2018-2019..2022-2023,False
bhc43f,bhc43f,"bhc43f. Sent an email, letter, or other communication to a public figure or orga",4,2018-2019..2022-2023,False
bhc43g,bhc43g,"bhc43g. Posted your views on a blog, Facebook, Instagram, Twitter, other social",4,2018-2019..2022-2023,False
bhc43h,bhc43h,bhc43h. Volunteered time for an organization active in community change - Past 1,4,2018-2019..2022-2023,False
bhc43i,bhc43i,bhc43i. Changed your online profile picture to demonstrate solidarity with a pol,4,2018-2019..2022-2023,False
bhc43j,bhc43j,"bhc43j. Attended a meeting of a government or public agency, such as a city coun",4,2018-2019..2022-2023,False
bhc43k,bhc43k,"bhc43k. None of the above - Past 12 months, in your community...",4,2018-2019..2022-2023,True
bhc44,bhc44,bhc44. I respect the police. - When thinking about police officers in your neigh,11,2013-2014..2023-2024,True
bhc45,bhc45,bhc45. The police make me feel safer. - When thinking about police officers in y,11,2013-2014..2023-2024,True
bhc46,bhc46,bhc46. The police treat all people in the community fairly. - When thinking abou,11,2013-2014..2023-2024,True
bhc47,bhc47,bhc47. The police are respectful of all people in the community. - When thinking,11,2013-2014..2023-2024,True
bhc48,bhc48,bhc48. The police are helping to reduce crime and improve safety. - When thinkin,11,2013-2014..2023-2024,True
bhc49,bhc49,bhc49. Police officers treat people in my community with respect regardless of r,11,2013-2014..2023-2024,True
bhc4_rp,bhc4_rp,bhc4_rp. Repeating BHC4; data in Oakland custom,1,2013-2014..2013-2014,False
bhc5,bhc5,"bhc5. Counseling to help you deal with problems like stress, feeling sad, family",11,2013-2014..2023-2024,True
bhc50,bhc50,bhc50. Is there a police officer or school resource/safety officer who comes to,11,2013-2014..2023-2024,True
bhc51,bhc51,bhc51. I like having an officer at school. - When thinking about the law enforce,11,2013-2014..2023-2024,True
bhc52,bhc52,bhc52. I feel safer with the officer at school. - When thinking about the law en,11,2013-2014..2023-2024,True
bhc53,bhc53,bhc53. The officer is helpful to students needing help. - When thinking about th,10,2013-2014..2023-2024,True
bhc54,bhc54,bhc54. The officer has a good relationship with students. - When thinking about,10,2013-2014..2023-2024,True
bhc55,bhc55,bhc55. The officer treats all students fairly. - When thinking about the law enf,10,2013-2014..2023-2024,True
bhc56,bhc56,"bhc56. The officer treats all students with respect regardless of race, ethnicit",6,2018-2019..2023-2024,True
bhc57,bhc57,bhc57. The officer does a good job stopping violence at school. - When thinking,6,2018-2019..2023-2024,True
bhc58,bhc58,bhc58. I respect the officer in my school. - When thinking about the law enforce,6,2018-2019..2023-2024,True
bhc59,bhc59,bhc59. I feel comfortable with the officer in my school. - When thinking about t,6,2018-2019..2023-2024,True
bhc5_rp,bhc5_rp,bhc5_rp. Repeating BHC5; data in Oakland custom,1,2013-2014..2013-2014,False
bhc6,bhc6,"bhc6. Dental care when you had a problem with your teeth or mouth? - Past year,",11,2013-2014..2023-2024,True
bhc60,bhc60,bhc60. I feel comfortable with the officer in my school. - When thinking about t,4,2018-2019..2022-2023,False
bhc7,bhc7,"bhc7. Past 30 days, missed an entire day of school because of asthma or other pr",11,2013-2014..2023-2024,True
bhc8,bhc8,"bhc8. Past 30 days, missed an entire day of school because of tooth pain or othe",11,2013-2014..2023-2024,True
bhc9,bhc9,"bhc9. Past 30 days, missed an entire day of school because of a negative school",11,2013-2014..2023-2024,True
bhccall,bhccall,Community environment category (BHC),3,2017-2018..2019-2020,False
bhccall,bhccall_true,Community environment - % 'Pretty much true' or 'Very much true' (BHC),6,2018-2019..2023-2024,False
bhccall,bhccall_vmtrue,Community environment - % reporting 'Very much true' (BHC),1,2017-2018..2017-2018,False
bhccall,bhccallc,Community environment category (BHC),3,2017-2018..2019-2020,False
bhcccare,bhcccare,Caring relationships category - adults in community (BHC),3,2017-2018..2019-2020,False
bhcccare,bhcccare_true,Caring relationships - adults in community - % 'Pretty much true' or 'Very much,6,2018-2019..2023-2024,False
bhcccare,bhcccare_vmtrue,Caring relationships - adults in community - % reporting 'Very much true' (BHC),1,2017-2018..2017-2018,False
bhcccare,bhcccarec,Caring relationships category - adults in community (BHC),3,2017-2018..2019-2020,False
bhcchigh,bhcchigh,High expectations category - adults in community (BHC),3,2017-2018..2019-2020,False
bhcchigh,bhcchigh_true,High expectations - adults in community - % 'Pretty much true' or 'Very much tru,6,2018-2019..2023-2024,False
bhcchigh,bhcchigh_vmtrue,High expectations - adults in community - % reporting 'Very much true' (BHC),1,2017-2018..2017-2018,False
bhcchigh,bhcchighc,High expectations category - adults in community (BHC),3,2017-2018..2019-2020,False
bhccmean,bhccmean,Meaningful participation category - adults in community (BHC),3,2017-2018..2019-2020,False
bhccmean,bhccmean_true,Meaningful participation - adults in community - % 'Pretty much true' or 'Very m,6,2018-2019..2023-2024,False
bhccmean,bhccmean_vmtrue,Meaningful participation - adults in community - % reporting 'Very much true' (B,1,2017-2018..2017-2018,False
bhccmean,bhccmeanc,Meaningful participation category - adults in community (BHC),3,2017-2018..2019-2020,False
bhccompolice,bhccompolice,Perceptions of Community Police (BHC),2,2018-2019..2019-2020,False
bhccompolice,bhccompolice_hi,High perceptions of community police (BHC),2,2018-2019..2019-2020,False
bhccompolice,bhccompolice_true,Perceptions of Community Police - % 'Pretty much true' or 'Very much true'  (BHC,6,2018-2019..2023-2024,False
bhccompolice,bhccompolicec,Perceptions of Community Police category (BHC),2,2018-2019..2019-2020,False
bhcconnect,bhcconnect,School connectedness category (BHC),3,2017-2018..2019-2020,False
bhcconnect,bhcconnect_agree,School connectedness - % 'Agree' or 'Stronly agree' (BHC),6,2018-2019..2023-2024,False
bhcconnect,bhcconnectc,School connectedness category (BHC),3,2017-2018..2019-2020,False
bhcconnect_sagree,bhcconnect_sagree,School connectedness - % reporting 'Strongly agree' (BHC),1,2017-2018..2017-2018,False
bhcharsh,bhcharsh,Disciplinary harshness (BHC),2,2018-2019..2019-2020,False
bhcharsh,bhcharsh_agree,Disciplinary harshness - % 'Agree' or 'Stronly agree' (BHC),6,2018-2019..2023-2024,False
bhcharsh,bhcharsh_hi,High disciplinary harshness (BHC),2,2018-2019..2019-2020,False
bhcharsh,bhcharshc,Disciplinary harshness category (BHC),2,2018-2019..2019-2020,False
bhcschlpolice,bhcschlpolice,Perceptions of School Police (BHC),2,2018-2019..2019-2020,False
bhcschlpolice,bhcschlpolice_hi,High perceptions of school police (BHC),2,2018-2019..2019-2020,False
bhcschlpolice,bhcschlpolice_true,Perceptions of School Police - % 'Pretty much true' or 'Very much true'  (BHC),6,2018-2019..2023-2024,False
bhcschlpolice,bhcschlpolicec,Perceptions of School Police category (BHC),2,2018-2019..2019-2020,False
bhcsprtsel,bhcsprtsel,Supports for social and emotional learning (BHC),2,2018-2019..2019-2020,False
bhcsprtsel,bhcsprtsel_agree,Supports for social and emotional learning - % 'Agree' or 'Stronly agree' (BHC),6,2018-2019..2023-2024,False
bhcsprtsel,bhcsprtsel_hi,High supports for social and emotional learning (BHC),2,2018-2019..2019-2020,False
bhcsprtsel,bhcsprtselc,Supports for social and emotional learning category (BHC),2,2018-2019..2019-2020,False
bhhelcond,bhhelcond_alot,Stress associated health symptoms - % 'A lot' or 'A whole lot' (BHM),1,2023-2024..2023-2024,False
bhmemotreg_top2,bhmemotreg_top2,Emotion regulation - % reporting the top two response categories (BHM),1,2023-2024..2023-2024,False
bhmemotsafe,bhmemotsafe_true,Emotional Safety at School - % 'Pretty much true' or 'Very much true' (BHM),1,2023-2024..2023-2024,False
bhmhomesuprt,bhmhomesuprt_true,Home Adult Co-Regulation Supports - % 'Pretty much true' or 'Very much true' (BH,2,2022-2023..2023-2024,False
bhmlonely,bhmlonely_smtmoften,Loneliness - % 'Sometimes' or 'Often' (BHM),2,2022-2023..2023-2024,False
bhmpeersuprt,bhmpeersuprt_true,Peer Co-Regulation Supports - % 'Pretty much true' or 'Very much true' (BHM),2,2022-2023..2023-2024,False
bhmptsdavg,bhmptsdavg,Average means of PTS questions (BHM),2,2022-2023..2023-2024,True
bhmptsdprofile,bhmptsdprofile,PTS profile (BHM),2,2022-2023..2023-2024,True
bhmptsdtotal,bhmptsdtotal,Average means of PTS questions times 11 (BHM),2,2022-2023..2023-2024,True
bhmresptrauma,bhmresptrauma_2plus,Responses to Trauma Symptoms - % '2-3 times a week' or 'Almost every day' (BHM),2,2022-2023..2023-2024,False
bhmschlsuprt,bhmschlsuprt_true,School Co-Regulation Supports - % 'Pretty much true' or 'Very much true' (BHM),1,2023-2024..2023-2024,False
bmi,bmi,BMI,11,2013-2014..2023-2024,False
bmicat,bmicat,BMI-for-age category,11,2013-2014..2023-2024,False
c1,c1,c1. A drink of an alcoholic beverage (other than a sip or two) - About how old w,14,2010-2011..2023-2024,True
c10,c10,"c10. If you use alcohol, marijuana, or another drug, have you had any of the fol",9,2010-2011..2020-2021,True
c10,c10c,"c10c. Frequently spent a lot of time getting, using, or being hung over from usi",4,2017-2018..2020-2021,False
c10_c4,c10_c4,c10_c4. Trying marijuana or hashish once or twice.,2,2013-2014..2014-2015,False
c10_c6,c10_c6,"c10_c6. If you drink alcohol, how much do you usually drink?",3,2021-2022..2023-2024,True
c10a,c10a,"c10a. Does not apply; I have not used alcohol or drugs - If you use AOD, have yo",4,2017-2018..2020-2021,False
c10b,c10b,c10b. Found you had to increase how much you use to have the same effect as befo,4,2017-2018..2020-2021,False
c10d,c10d,"c10d. Used alcohol or drugs a lot more than you intended - If you use AOD, have",4,2017-2018..2020-2021,False
c10e,c10e,"c10e. Used alcohol or drugs when you were alone - If you use AOD, have you...",4,2017-2018..2020-2021,False
c10f,c10f,c10f. Your use of alcohol or drugs often kept you from doing a normal activity -,4,2017-2018..2020-2021,False
c10g,c10g,c10g. You didn't feel OK unless you had something to drink or used a drug - If y,4,2017-2018..2020-2021,False
c10h,c10h,"c10h. Thought about reducing or stopping use - If you use AOD, have you...",4,2017-2018..2020-2021,False
c10i,c10i,c10i. Told yourself you were not going to use but found yourself using anyway -,4,2017-2018..2020-2021,False
c10j,c10j,"c10j. Spoke with someone about reducing or stopping use - If you use AOD, have y",4,2017-2018..2020-2021,False
c10k,c10k,"c10k. Attended counseling, a program, or group to help you reduce or stop use -",4,2017-2018..2020-2021,False
c10l,c10l,c10l. I use alcohol or drugs but have not experienced any of these things - If y,4,2017-2018..2020-2021,False
c11,c11,"c11. If you use marijuana or other drugs, how 'high' do you usually like to get?",12,2010-2011..2023-2024,True
c11_c5,c11_c5,c11_c5. Using marijuana once a month or more.,2,2013-2014..2014-2015,False
c12,c12,c12. How likely is it that a student would find help at your school from a couns,9,2010-2011..2020-2021,True
c12_c6,c12_c6,"c12_c6. Past 12 months, have you talked with at least one of your parents or gua",2,2013-2014..2014-2015,False
c12_c7,c12_c7,"c12_c7. Have you used alcoholic beverages, marijuana, or other drugs in the past",3,2021-2022..2023-2024,False
c12_c7,c12_c7c,"c12_c7c. To get high - Past 12 months, have you used AOD in for any of the reaso",3,2021-2022..2023-2024,False
c12_c7a,c12_c7a,"c12_c7a. Does not apply, I haven't used alcohol, marijuana, or other drugs in th",3,2021-2022..2023-2024,False
c12_c7b,c12_c7b,"c12_c7b. To experiment (try using) - Past 12 months, have you used AOD in for an",3,2021-2022..2023-2024,False
c12_c7d,c12_c7d,"c12_c7d. To have a good time with friends - Past 12 months, have you used AOD in",3,2021-2022..2023-2024,False
c12_c7e,c12_c7e,"c12_c7e. To fit in with a group you like - Past 12 months, have you used AOD in",3,2021-2022..2023-2024,False
c12_c7f,c12_c7f,"c12_c7f. Because of boredom - Past 12 months, have you used AOD in for any of th",3,2021-2022..2023-2024,False
c12_c7g,c12_c7g,"c12_c7g. To relax - Past 12 months, have you used AOD in for any of the reasons?",3,2021-2022..2023-2024,False
c12_c7h,c12_c7h,"c12_c7h. To get away from problems - Past 12 months, have you used AOD in for an",3,2021-2022..2023-2024,False
c12_c7i,c12_c7i,"c12_c7i. Because of anger or frustration - Past 12 months, have you used AOD in",3,2021-2022..2023-2024,False
c12_c7j,c12_c7j,"c12_c7j. To get through the day - Past 12 months, have you used AOD in for any o",3,2021-2022..2023-2024,False
c12_c7k,c12_c7k,"c12_c7k. Because it made you feel better - Past 12 months, have you used AOD in",3,2021-2022..2023-2024,False
c12_c7l,c12_c7l,"c12_c7l. To seek deeper insights and understanding - Past 12 months, have you us",3,2021-2022..2023-2024,False
c12_c7m,c12_c7m,"c12_c7m. None of the above - Past 12 months, have you used AOD in for any of the",3,2021-2022..2023-2024,False
c13,c13,"c13. Has using alcohol, marijuana, or other drugs ever caused you to have any of",10,2010-2011..2023-2024,True
c13,c13c,c13c. Get into trouble or have problems with the police - Has using AOD caused y,3,2021-2022..2023-2024,False
c13_c7,c13_c7,c13_c7. How do most kids at your school who drink alcohol usually get it (Mark a,4,2013-2014..2016-2017,True
c13_c7,c13_c7c,"c13_c7c. At their own home, how do most kids at your school who drink alcohol us",2,2015-2016..2016-2017,False
c13_c7a,c13_c7a,"c13_c7a. At school, how do most kids at your school who drink alcohol usually ge",2,2015-2016..2016-2017,False
c13_c7b,c13_c7b,"c13_c7b. At parties or events outside school, how do most kids at your school wh",2,2015-2016..2016-2017,False
c13_c7d,c13_c7d,"c13_c7d. From adults at friends' homes, how do most kids at your school who drin",2,2015-2016..2016-2017,False
c13_c7e,c13_c7e,"c13_c7e. From friends or another teenager, how do most kids at your school who d",2,2015-2016..2016-2017,False
c13_c7f,c13_c7f,"c13_c7f. Get adults to buy it for them, how do most kids at your school who drin",2,2015-2016..2016-2017,False
c13_c7g,c13_c7g,"c13_c7g. Buy it themselves from a store, how do most kids at your school who dri",2,2015-2016..2016-2017,False
c13_c7h,c13_c7h,"c13_c7h. At bars, clubs, or gambling casinos, how do most kids at your school wh",2,2015-2016..2016-2017,False
c13_c7i,c13_c7i,"c13_c7i. Other, how do most kids at your school who drink alcohol usually get it",2,2015-2016..2016-2017,False
c13_c7j,c13_c7j,"c13_c7j. Don't know, how do most kids at your school who drink alcohol usually g",2,2015-2016..2016-2017,False
c13a,c13a,c13a. Does not apply; I've never used alcohol or drugs - Has using AOD caused yo,3,2021-2022..2023-2024,False
c13b,c13b,"c13b. Have problems with emotions, nerves, or mental health - Has using AOD caus",3,2021-2022..2023-2024,False
c13d,c13d,c13d. Have money problems - Has using AOD caused you to have any of the problem?,3,2021-2022..2023-2024,False
c13e,c13e,c13e. Miss school - Has using AOD caused you to have any of the problem?,3,2021-2022..2023-2024,False
c13f,c13f,c13f. Have problems with schoolwork - Has using AOD caused you to have any of th,3,2021-2022..2023-2024,False
c13g,c13g,c13g. Fight with others - Has using AOD caused you to have any of the problem?,3,2021-2022..2023-2024,False
c13h,c13h,c13h. Damage a friendship - Has using AOD caused you to have any of the problem?,3,2021-2022..2023-2024,False
c13i,c13i,c13i. Physically hurt or injure yourself - Has using AOD caused you to have any,3,2021-2022..2023-2024,False
c13j,c13j,c13j. Have unwanted or unprotected sex - Has using AOD caused you to have any of,3,2021-2022..2023-2024,False
c13k,c13k,c13k. Forget what happened or pass out - Has using AOD caused you to have any of,3,2021-2022..2023-2024,False
c13l,c13l,c13l. Been suspended from school - Has using AOD caused you to have any of the p,3,2021-2022..2023-2024,False
c13m,c13m,c13m. I've used alcohol or drugs but never had any of these problems - Has using,3,2021-2022..2023-2024,False
c14,c14,"c14. If you use alcohol, marijuana, or another drug, have you had any of the fol",8,2010-2011..2023-2024,True
c14,c14c,"c14c. Frequently spent a lot of time getting, using, or being hung over from usi",3,2021-2022..2023-2024,False
c14_c8,c14_c8,c14_c8. How do most students at your school who drink alcohol usually get it? (M,6,2015-2016..2020-2021,True
c14_c8,c14_c8c,c14_c8c. At concerts or other social events - How do most students at your schoo,2,2019-2020..2020-2021,False
c14_c8a,c14_c8a,c14_c8a. At school - How do most students at your school who drink alcohol usual,2,2019-2020..2020-2021,False
c14_c8b,c14_c8b,c14_c8b. At parties - How do most students at your school who drink alcohol usua,2,2019-2020..2020-2021,False
c14_c8d,c14_c8d,c14_c8d. At their own home - How do most students at your school who drink alcoh,2,2019-2020..2020-2021,False
c14_c8e,c14_c8e,c14_c8e. From adults at friends' homes - How do most students at your school who,2,2019-2020..2020-2021,False
c14_c8f,c14_c8f,c14_c8f. From friends or another teenager - How do most students at your school,2,2019-2020..2020-2021,False
c14_c8g,c14_c8g,c14_c8g. Get adults to buy it for them - How do most students at your school who,2,2019-2020..2020-2021,False
c14_c8h,c14_c8h,c14_c8h. Buy it themselves from a store - How do most students at your school wh,2,2019-2020..2020-2021,False
c14_c8i,c14_c8i,"c14_c8i. At bars, clubs, or gambling casinos - How do most students at your scho",2,2019-2020..2020-2021,False
c14_c8j,c14_c8j,c14_c8j. Other - How do most students at your school who drink alcohol usually g,2,2019-2020..2020-2021,False
c14_c8k,c14_c8k,c14_c8k. Don't know - How do most students at your school who drink alcohol usua,2,2019-2020..2020-2021,False
c14a,c14a,"c14a. Does not apply; I have not used alcohol or drugs - If you use AOD, have yo",3,2021-2022..2023-2024,False
c14b,c14b,c14b. Found you had to increase how much you use to have the same effect as befo,3,2021-2022..2023-2024,False
c14d,c14d,"c14d. Used alcohol or drugs a lot more than you intended - If you use AOD, have",3,2021-2022..2023-2024,False
c14e,c14e,"c14e. Used alcohol or drugs when you were alone - If you use AOD, have you...",3,2021-2022..2023-2024,False
c14f,c14f,c14f. Your use of alcohol or drugs often kept you from doing a normal activity -,3,2021-2022..2023-2024,False
c14g,c14g,c14g. You didn't feel OK unless you had something to drink or used a drug - If y,3,2021-2022..2023-2024,False
c14h,c14h,"c14h. Thought about reducing or stopping use - If you use AOD, have you...",3,2021-2022..2023-2024,False
c14i,c14i,c14i. Told yourself you were not going to use but found yourself using anyway -,3,2021-2022..2023-2024,False
c14j,c14j,"c14j. Spoke with someone about reducing or stopping use - If you use AOD, have y",3,2021-2022..2023-2024,False
c14k,c14k,"c14k. Attended counseling, a program, or group to help you reduce or stop use -",3,2021-2022..2023-2024,False
c14l,c14l,c14l. I use alcohol or drugs but have not experienced any of these things - If y,3,2021-2022..2023-2024,False
c15,c15,c15. Have you ever felt that you needed help for your alcohol or other drug use?,6,2010-2011..2023-2024,True
c15_c8,c15_c8,"c15_c8. Take one or two drinks of alcohol nearly everyday, how wrong do your par",2,2013-2014..2014-2015,False
c15_c9,c15_c9,c15_c9. How do most kids at your school who use marijuana usually get it? (Mark,6,2015-2016..2020-2021,True
c15_c9,c15_c9c,c15_c9c. At concerts or other social events - How do most kids at your school wh,4,2017-2018..2020-2021,True
c15_c9a,c15_c9a,c15_c9a. At school - How do most kids at your school who use marijuana usually g,4,2017-2018..2020-2021,True
c15_c9b,c15_c9b,c15_c9b. At parties - How do most kids at your school who use marijuana usually,4,2017-2018..2020-2021,True
c15_c9d,c15_c9d,c15_c9d. At their own home - How do most kids at your school who use marijuana u,4,2017-2018..2020-2021,True
c15_c9e,c15_c9e,c15_c9e. From an adult acquaintance - How do most kids at your school who use ma,4,2017-2018..2020-2021,True
c15_c9f,c15_c9f,c15_c9f. From friends or another teenager - How do most kids at your school who,4,2017-2018..2020-2021,True
c15_c9g,c15_c9g,c15_c9g. Buy it at a marijuana dispensary - How do most kids at your school who,4,2017-2018..2020-2021,True
c15_c9h,c15_c9h,c15_c9h. At bars or clubs - How do most kids at your school who use marijuana us,4,2017-2018..2020-2021,True
c15_c9i,c15_c9i,c15_c9i. Other - How do most kids at your school who use marijuana usually get i,4,2017-2018..2020-2021,True
c15_c9j,c15_c9j,c15_c9j. Don't know - How do most kids at your school who use marijuana usually,4,2017-2018..2020-2021,True
c15_c9k,c15_c9k,c15_c9k. Don't know - How do most students at your school who drink alcohol usua,2,2017-2018..2018-2019,False
c16,c16,c16. How likely is it that a student would find help at your school from a couns,6,2010-2011..2023-2024,True
c16,c16c,c16c. how kids get alcohol--at their own home,3,2010-2011..2012-2013,False
c16_c10,c16_c10,c16_c10. Having one or two drinks of any alcoholic beverage nearly every day - H,6,2015-2016..2020-2021,True
c16_c10,c16_c10c,c16_c10c. At concerts or other social events - How do most kids at your school w,2,2017-2018..2018-2019,False
c16_c10a,c16_c10a,c16_c10a. At school - How do most kids at your school who use marijuana usually,2,2017-2018..2018-2019,False
c16_c10b,c16_c10b,c16_c10b. At parties - How do most kids at your school who use marijuana usually,2,2017-2018..2018-2019,False
c16_c10d,c16_c10d,c16_c10d. At their own home - How do most kids at your school who use marijuana,2,2017-2018..2018-2019,False
c16_c10e,c16_c10e,c16_c10e. From an adult acquaintance - How do most kids at your school who use m,2,2017-2018..2018-2019,False
c16_c10f,c16_c10f,c16_c10f. From friends or another teenager - How do most kids at your school who,2,2017-2018..2018-2019,False
c16_c10g,c16_c10g,c16_c10g. Buy it at a marijuana dispensary - How do most kids at your school who,2,2017-2018..2018-2019,False
c16_c10h,c16_c10h,c16_c10h. At bars or clubs - How do most kids at your school who use marijuana u,2,2017-2018..2018-2019,False
c16_c10i,c16_c10i,c16_c10i. Other - How do most kids at your school who use marijuana usually get,2,2017-2018..2018-2019,False
c16_c10j,c16_c10j,c16_c10j. Don't know - How do most kids at your school who use marijuana usually,2,2017-2018..2018-2019,False
c16_c9,c16_c9,"c16_c9. Smoke Tobacco, how wrong do your parents or guardians feel?",2,2013-2014..2014-2015,False
c16a,c16a,c16a. how kids get alcohol--at school,3,2010-2011..2012-2013,False
c16b,c16b,c16b. how kids get alcohol--at parties or events outside of school,3,2010-2011..2012-2013,False
c16d,c16d,c16d. how kids get alcohol--from adults at friends' homes,3,2010-2011..2012-2013,False
c16e,c16e,c16e. how kids get alcohol--from friends or another teenager,3,2010-2011..2012-2013,False
c16f,c16f,c16f. how kids get alcohol--get adults to buy it for them,3,2010-2011..2012-2013,False
c16g,c16g,c16g. how kids get alcohol--buy it themselves at a store,3,2010-2011..2012-2013,False
c16h,c16h,"c16h. how kids get alcohol-bars, clubs, casinos",3,2010-2011..2012-2013,False
c16i,c16i,c16i. how kids get alcohol--other,3,2010-2011..2012-2013,False
c16j,c16j,c16j. how kids get alcohol--don't know,3,2010-2011..2012-2013,False
c17,c17,"c17. How likely is it that a student will be suspended, expelled, or transferred",3,2021-2022..2023-2024,False
c17_c10,c17_c10,"c17_c10. Use marijuana, how wrong do your parents or guardians feel?",2,2013-2014..2014-2015,False
c17_c11,c17_c11,c17_c11. Trying marijuana once or twice - How do you feel about someone your age,6,2015-2016..2020-2021,True
c17_c5,c17_c5,"During the past 12 months, have you gambled (bet) for money or valuables, in any",3,2010-2011..2012-2013,True
c17_c5,c17_c5c,"c17c_c5c. past 12 months gambled or bet-personal skills game (pool, darts)",3,2010-2011..2012-2013,False
c17_c5a,c17_c5a,c17a_c5a. i have not gambled or bet in the past 12 months.,3,2010-2011..2012-2013,False
c17_c5b,c17_c5b,c17b_c5b. past 12 months gambled or bet--card games,3,2010-2011..2012-2013,False
c17_c5d,c17_c5d,c17d_c5d. past 12 months gambled or bet-on sports teams,3,2010-2011..2012-2013,False
c17_c5e,c17_c5e,c17e_c5e. past 12 months gambled or bet-lottery,3,2010-2011..2012-2013,False
c17_c5f,c17_c5f,c17f_c5f. past 12 months gambled or bet-bingo,3,2010-2011..2012-2013,False
c17_c5g,c17_c5g,c17g_c5g. past 12 months gambled or bet-dice games,3,2010-2011..2012-2013,False
c17_c5h,c17_c5h,c17h_c5h. past 12 months gambled or bet-gambling machines,3,2010-2011..2012-2013,False
c17_c5i,c17_c5i,c17i_c5i. past 12 months gambled or bet-horse racing,3,2010-2011..2012-2013,False
c17_c5j,c17_c5j,c17j_c5j. past 12 months gambled or bet-Online gambling,3,2010-2011..2012-2013,True
c17_c5k,c17_c5k,c17j_c5k. past 12 months gambled or bet-some other way,3,2010-2011..2012-2013,True
c18_c11,c18_c11,c18_c11. Use prescription drugs to get high or for reasons other than prescribed,2,2013-2014..2014-2015,False
c18_c12,c18_c12,c18_c12. Using marijuana once a month or more regularly - How do you feel about,6,2015-2016..2020-2021,True
c18_c6,c18_c6,"c18_c6. number of times, past 12 months gambled or bet?",3,2010-2011..2012-2013,False
c18_c8,c18_c8,c18_c8. How do most students at your school who drink alcohol usually get it? (M,3,2021-2022..2023-2024,False
c18_c8,c18_c8c,c18_c8c. At concerts or other social events - How do most students at your schoo,3,2021-2022..2023-2024,False
c18_c8a,c18_c8a,c18_c8a. At school - How do most students at your school who drink alcohol usual,3,2021-2022..2023-2024,False
c18_c8b,c18_c8b,c18_c8b. At parties - How do most students at your school who drink alcohol usua,3,2021-2022..2023-2024,False
c18_c8d,c18_c8d,c18_c8d. At their own home - How do most students at your school who drink alcoh,3,2021-2022..2023-2024,False
c18_c8e,c18_c8e,c18_c8e. From adults at friends' homes - How do most students at your school who,3,2021-2022..2023-2024,False
c18_c8f,c18_c8f,c18_c8f. From friends or another teenager - How do most students at your school,3,2021-2022..2023-2024,False
c18_c8g,c18_c8g,c18_c8g. Get adults to buy it for them - How do most students at your school who,3,2021-2022..2023-2024,False
c18_c8h,c18_c8h,c18_c8h. Buy it themselves from a store - How do most students at your school wh,3,2021-2022..2023-2024,False
c18_c8i,c18_c8i,"c18_c8i. At bars, clubs, or gambling casinos - How do most students at your scho",3,2021-2022..2023-2024,False
c18_c8j,c18_c8j,c18_c8j. Other - How do most students at your school who drink alcohol usually g,3,2021-2022..2023-2024,False
c18_c8k,c18_c8k,c18_c8k. Don't know - How do most students at your school who drink alcohol usua,3,2021-2022..2023-2024,False
c19,c19,"c19. During the past 12 months, have you sold drugs to someone?",5,2010-2011..2016-2017,True
c19_c12,c19_c12,"c19_c12. Take one or two drinks of alcohol nearly every day, how wrong would you",2,2013-2014..2014-2015,False
c19_c13,c19_c13,"c19_c13. Past 12 months, have you talked with at least one of your parents/guard",4,2017-2018..2020-2021,True
c19_c9,c19_c9,c19_c9. How do most kids at your school who use marijuana usually get it? (Mark,3,2021-2022..2023-2024,False
c19_c9,c19_c9c,c19_c9c. At concerts or other social events - How do most kids at your school wh,3,2021-2022..2023-2024,False
c19_c9a,c19_c9a,c19_c9a. At school - How do most kids at your school who use marijuana usually g,3,2021-2022..2023-2024,False
c19_c9b,c19_c9b,c19_c9b. At parties - How do most kids at your school who use marijuana usually,3,2021-2022..2023-2024,False
c19_c9d,c19_c9d,c19_c9d. At their own home - How do most kids at your school who use marijuana u,3,2021-2022..2023-2024,False
c19_c9e,c19_c9e,c19_c9e. From an adult acquaintance - How do most kids at your school who use ma,3,2021-2022..2023-2024,False
c19_c9f,c19_c9f,c19_c9f. From friends or another teenager - How do most kids at your school who,3,2021-2022..2023-2024,False
c19_c9g,c19_c9g,c19_c9g. Buy it at a marijuana dispensary - How do most kids at your school who,3,2021-2022..2023-2024,False
c19_c9h,c19_c9h,c19_c9h. At bars or clubs - How do most kids at your school who use marijuana us,3,2021-2022..2023-2024,False
c19_c9i,c19_c9i,c19_c9i. Other - How do most kids at your school who use marijuana usually get i,3,2021-2022..2023-2024,False
c19_c9j,c19_c9j,c19_c9j. Don't know - How do most kids at your school who use marijuana usually,3,2021-2022..2023-2024,False
c2,c2,c2. Part or all of a cigarette - About how old were you the first time you tried,14,2010-2011..2023-2024,True
c20_c10,c20_c10,c20_c10. Having one or two drinks of any alcoholic beverage nearly every day - H,3,2021-2022..2023-2024,False
c20_c13,c20_c13,"c20_c13. Take one or two drinks of alcohol nearly every day, how wrong do your p",4,2013-2014..2016-2017,True
c20_c14,c20_c14,"c20_c14. Past 12 months, have you heard, read, or watched any messages about not",4,2017-2018..2020-2021,True
c20_c7,c20_c7,"c20_c7. past 12 months, been in physical fight how many times?",3,2010-2011..2012-2013,False
c21_c11,c21_c11,c21_c11. Trying marijuana once or twice - How do you feel about someone your age,3,2021-2022..2023-2024,False
c21_c14,c21_c14,"c21_c14. Smoke tobacco, how wrong do your parents or guardians feel it would be",4,2013-2014..2016-2017,True
c21_c15,c21_c15,c21_c15. Take one or two drinks of alcohol nearly every day - How wrong do your,4,2017-2018..2020-2021,True
c21_c8,c21_c8,"c21_c8. past 12 months, been in a fight between groups of kids how many times?",3,2010-2011..2012-2013,False
c22_c12,c22_c12,c22_c12. Using marijuana once a month or more regularly - How do you feel about,3,2021-2022..2023-2024,False
c22_c15,c22_c15,"c22_c15. Use marijuana, how wrong do your parents or guardians feel it would be",4,2013-2014..2016-2017,True
c22_c16,c22_c16,c22_c16. Smoke tobacco - How wrong do your parents or guardians feel it would be,4,2017-2018..2020-2021,True
c22_c9,c22_c9,"c22_c9. past 12 months, used any weapon to threaten or bully someone how many t",3,2010-2011..2012-2013,False
c23_c10,c23_c10,c23_c10. how safe do you feel in your neighborhood?,3,2010-2011..2012-2013,False
c23_c13,c23_c13,"c23_c13. Past 12 months, have you talked with at least one of your parents/guard",3,2021-2022..2023-2024,False
c23_c16,c23_c16,c23_c16. Use prescription drugs to get high or for reasons other than prescribed,4,2013-2014..2016-2017,True
c23_c17,c23_c17,"c23_c17. Use vape products such as e-cigarettes (JUUL), vape pens, or mods - How",4,2017-2018..2020-2021,True
c24_c11,c24_c11,"c24_c11. past 30 days, how many days did not go to school because you felt unsa",3,2010-2011..2012-2013,False
c24_c14,c24_c14,"c24_c14. Past 12 months, have you heard, read, or watched any messages about not",3,2021-2022..2023-2024,False
c24_c17,c24_c17,"c24_c17. Take one or two drinks of alcohol nearly every day, how wrong would you",4,2013-2014..2016-2017,True
c24_c18,c24_c18,"c24_c18. Use marijuana (smoke, eat, vape, or drink) - How wrong do your parents",4,2017-2018..2020-2021,True
c25_c12,c25_c12,"c25_c12. past 30 days, how many days did you carry a gun?",3,2010-2011..2012-2013,False
c25_c15,c25_c15,c25_c15. Take one or two drinks of alcohol nearly every day - How wrong do your,3,2021-2022..2023-2024,False
c25_c18,c25_c18,"c25_c18. Smoke tobacco, how wrong would your close friends feel it would be if y",4,2013-2014..2016-2017,True
c25_c19,c25_c19,c25_c19. Use prescription drugs to get high or for reasons other than prescribed,4,2017-2018..2020-2021,False
c26_c13,c26_c13,"c26_c13. past 30 days, any other weapon, how many days have you carried?",3,2010-2011..2012-2013,False
c26_c16,c26_c16,c26_c16. Smoke tobacco - How wrong do your parents or guardians feel it would be,3,2021-2022..2023-2024,False
c26_c19,c26_c19,"c26_c19. Use marijuana, how wrong would your close friends feel it would be if y",2,2015-2016..2016-2017,False
c26_c20,c26_c20,c26_c20. Take one or two drinks of alcohol nearly every day - How wrong would yo,4,2017-2018..2020-2021,False
c27_c14,c27_c14,"c27_c14. past 30 days, any weapon on school property?",3,2010-2011..2012-2013,False
c27_c17,c27_c17,"c27_c17. Use vape products such as e-cigarettes (JUUL), vape pens, or mods - How",3,2021-2022..2023-2024,False
c27_c20,c27_c20,c27_c20. Use prescription drugs to get high or for reasons other than prescribed,2,2015-2016..2016-2017,False
c27_c21,c27_c21,c27_c21. Smoke tobacco - How wrong would your close friends feel it would be if,4,2017-2018..2020-2021,False
c28,c28,"c28. past 12 months, did you ever seriously consider attempting suicide?",3,2010-2011..2012-2013,False
c28_c18,c28_c18,"c28_c18. Use marijuana (smoke, eat, vape, or drink) - How wrong do your parents",3,2021-2022..2023-2024,False
c28_c21,c28_c21,"c28_c21. Drinking one or two drinks of alcohol nearly every day, how do you thin",2,2015-2016..2016-2017,False
c28_c22,c28_c22,"c28_c22. Use vape products such as e-cigarettes (JUUL), vape pens, or mods - How",4,2017-2018..2020-2021,True
c29,c29,"c29. past 12 months, did you make a plan about how you would attempt suicide?",3,2010-2011..2012-2013,False
c29_c19,c29_c19,c29_c19. Use prescription drugs to get high or for reasons other than prescribed,3,2021-2022..2023-2024,False
c29_c22,c29_c22,"c29_c22. Using marijuana, how do you think your close friends would feel...",2,2015-2016..2016-2017,False
c29_c23,c29_c23,"c29_c23. Use marijuana (smoke, eat, vape, or drink) - How wrong would your close",4,2017-2018..2020-2021,True
c3,c3,"c3. A vape product such as an e-cigarette (JUUL), vape pen, or mod - About how o",14,2010-2011..2023-2024,True
c3,c3c,"c3c. Get into troulble have problems with the police, has using AOD caused you t",2,2013-2014..2014-2015,False
c30,c30,"c30. past 12 months, how many times did you actually attempt suicide?",3,2010-2011..2012-2013,False
c30_c20,c30_c20,c30_c20. Take one or two drinks of alcohol nearly every day - How wrong would yo,3,2021-2022..2023-2024,False
c30_c23,c30_c23,"c30_c23. Using prescription drugs to get high, how do you think your close frien",2,2015-2016..2016-2017,False
c30_c24,c30_c24,c30_c24. Use prescription drugs to get high or for reasons other than prescribed,4,2017-2018..2020-2021,True
c30_c24,c30_c24c,c30_c24c. Marijuana or THC - Ever used an e-cigarette consume...?,2,2017-2018..2018-2019,False
c30_c24a,c30_c24a,c30_c24a. I've never used an e-cigarette or vaping device. - Ever used an e-ciga,2,2017-2018..2018-2019,False
c30_c24b,c30_c24b,c30_c24b. Nicotine or tobacco substitute - Ever used an e-cigarette consume...?,2,2017-2018..2018-2019,False
c30_c24d,c30_c24d,"c30_c24d. Amphetamines, cocaine, or heroin - Ever used an e-cigarette consume...",2,2017-2018..2018-2019,False
c30_c24e,c30_c24e,c30_c24e. Alcohol - Ever used an e-cigarette consume...?,2,2017-2018..2018-2019,False
c30_c24f,c30_c24f,"c30_c24f. A flavored product without nicotine, alcohol, or other drug - Ever use",2,2017-2018..2018-2019,False
c30_c24g,c30_c24g,c30_c24g. Any other product or substance - Ever used an e-cigarette consume...?,2,2017-2018..2018-2019,False
c31,c31,"c31. did attempted suicide past 12 months, result in medical treatment of an in",3,2010-2011..2012-2013,False
c31_c21,c31_c21,c31_c21. Smoke tobacco - How wrong would your close friends feel it would be if,3,2021-2022..2023-2024,False
c31_c25,c31_c25,c31_c25. Have you ever used a vaping device or e-cigarette to consume any of the,2,2019-2020..2020-2021,False
c31_c25,c31_c25c,c31_c25c. Marijuana or THC - Have you ever used a vaping device or e-cigarette t,2,2019-2020..2020-2021,False
c31_c25a,c31_c25a,c31_c25a. I've never used a vaping device or e-cigarette. - Have you ever used a,2,2019-2020..2020-2021,False
c31_c25b,c31_c25b,c31_c25b. Nicotine or tobacco substitute - Have you ever used a vaping device or,2,2019-2020..2020-2021,False
c31_c25d,c31_c25d,"c31_c25d. Amphetamines, cocaine, or heroin - Have you ever used a vaping device",2,2019-2020..2020-2021,False
c31_c25e,c31_c25e,"c31_c25e. A flavored product without nicotine, alcohol, or other drug - Have you",2,2019-2020..2020-2021,False
c31_c25f,c31_c25f,c31_c25f. Any other product or substance - Have you ever used a vaping device or,2,2019-2020..2020-2021,False
c31_c25g,c31_c25g,c31_c25g. I was not sure what was in the vaping device or e-cigarettee - Have yo,2,2019-2020..2020-2021,False
c32_c18,c32_c18,c32_c18. have you ever been forced to have sexual intercourse when you didn't w,3,2010-2011..2012-2013,False
c32_c22,c32_c22,"c32_c22. Use vape products such as e-cigarettes (JUUL), vape pens, or mods - How",3,2021-2022..2023-2024,False
c33_c23,c33_c23,"c33_c23. Use marijuana (smoke, eat, vape, or drink) - How wrong would your close",3,2021-2022..2023-2024,False
c34_c24,c34_c24,c34_c24. Use prescription drugs to get high or for reasons other than prescribed,3,2021-2022..2023-2024,False
c35,c35,"c35. Lifetime, how many times have you ever driven a car when you had been using",3,2021-2022..2023-2024,False
c3a,c3a,"c3a. Doesn't apply; I've never used alcohol or drugs, has using AOD caused you t",2,2013-2014..2014-2015,False
c3b,c3b,"c3b. Have problems with emotions, nerves, or mental health, has using AOD caused",2,2013-2014..2014-2015,False
c3d,c3d,"c3d. Have money problems, has using AOD caused you to have the problem?",2,2013-2014..2014-2015,False
c3e,c3e,"c3e. Miss school, has using AOD caused you to have the problem?",2,2013-2014..2014-2015,False
c3f,c3f,"c3f. Have problems with schoolwork, has using AOD caused you to have the problem",2,2013-2014..2014-2015,False
c3g,c3g,"c3g. Fight with other kids, has using AOD caused you to have the problem?",2,2013-2014..2014-2015,False
c3h,c3h,"c3h. Damage a friendship, has using AOD caused you to have the problem?",2,2013-2014..2014-2015,False
c3i,c3i,"c3i. Physically hurt or injure yourself, has using AOD caused you to have the pr",2,2013-2014..2014-2015,False
c3j,c3j,"c3j. Have unwanted or unprotected sex, has using AOD caused you to have the prob",2,2013-2014..2014-2015,False
c3k,c3k,"c3k. Forget what happened or pass out, has using AOD caused you to have the prob",2,2013-2014..2014-2015,False
c3l,c3l,"c3l. Have any other problems, has using AOD caused you to have the problem?",2,2013-2014..2014-2015,False
c3m,c3m,"c3m. I've used alcohol or drugs but never had any problems, has using AOD caused",2,2013-2014..2014-2015,False
c4,c4,"c4. Marijuana (smoke, eat, or drink) - About how old were you the first time you",14,2010-2011..2023-2024,True
c4,c4c,"c4c. Frequently spent a lot of time getting, using, or being hung over from usin",2,2013-2014..2014-2015,False
c4a,c4a,"c4a. Does not apply; I have not used alcohol or drugs, have you...",2,2013-2014..2014-2015,False
c4b,c4b,c4b. Found you had to increase how much you use to have the same effect as befor,2,2013-2014..2014-2015,False
c4d,c4d,"c4d. Used alcohol or drugs a lot more than you intended, have you...",2,2013-2014..2014-2015,False
c4e,c4e,"c4e. Used alcohol or drugs when you were alone, have you...",2,2013-2014..2014-2015,False
c4f,c4f,"c4f. Your use of alcohol or drugs often kept you from doing a normal activity, h",2,2013-2014..2014-2015,False
c4g,c4g,"c4g. Often didn't feel OK unless you had something to drink or used a drug, have",2,2013-2014..2014-2015,False
c4h,c4h,"c4h. Thought about reducing or stopping use, have you...",2,2013-2014..2014-2015,False
c4i,c4i,"c4i. Told yourself you were not going to use but found yourself using anyway, ha",2,2013-2014..2014-2015,False
c4j,c4j,"c4j. Spoke with someone about reducing or stopping use, have you...",2,2013-2014..2014-2015,False
c4k,c4k,"c4k. Attended counseling, a program, or group to help you reduce or stop use, ha",2,2013-2014..2014-2015,False
c4l,c4l,"c4l. I use alcohol or drugs but have not experienced any of these things, have y",2,2013-2014..2014-2015,False
c5,c5,"c5. Any other illegal drug, or pill to get 'high' - About how old were you the f",14,2010-2011..2023-2024,True
c6,c6,"c6. Lifetime, used heroin?",14,2010-2011..2023-2024,True
c7,c7,"c7. Lifetime, used tranquilizers or sedatives (Xanax, Klonopin, Ativan, Valium)?",11,2013-2014..2023-2024,True
c7_c4,c7_c4,"c7_c4. past 6 months, other drugs, pcp, barbs, downers?",3,2010-2011..2012-2013,False
c8,c8,"c8. Lifetime, used appetite suppressants (Didrex, Dexedrine, Xenadrine, Skittles",8,2010-2011..2023-2024,True
c8,c8c,"c8c. Get into trouble or have problems with the police, has using AOD caused you",2,2015-2016..2016-2017,False
c8_c2,c8_c2,c8_c2. How do most kids at your school who drink alcohol usually get it (Mark al,2,2013-2014..2014-2015,False
c8_c2,c8_c2c,"c8_c2c. At their own home, how do most kids at your school who drink alcohol usu",2,2013-2014..2014-2015,False
c8_c2a,c8_c2a,"c8_c2a. At school, how do most kids at your school who drink alcohol usually get",2,2013-2014..2014-2015,False
c8_c2b,c8_c2b,"c8_c2b. At parties or events outside school, how do most kids at your school who",2,2013-2014..2014-2015,False
c8_c2d,c8_c2d,"c8_c2d. From adults at friends' homes, how do most kids at your school who drink",2,2013-2014..2014-2015,False
c8_c2e,c8_c2e,"c8_c2e. From friends or another teenager, how do most kids at your school who dr",2,2013-2014..2014-2015,False
c8_c2f,c8_c2f,"c8_c2f. Get adults to buy it for them, how do most kids at your school who drink",2,2013-2014..2014-2015,False
c8_c2g,c8_c2g,"c8_c2g. Buy it themselves from a store, how do most kids at your school who drin",2,2013-2014..2014-2015,False
c8_c2h,c8_c2h,"c8_c2h. At bars, clubs, or gambling casinos, how do most kids at your school who",2,2013-2014..2014-2015,False
c8_c2i,c8_c2i,"c8_c2i. Other, how do most kids at your school who drink alcohol usually get it?",2,2013-2014..2014-2015,False
c8_c2j,c8_c2j,"c8_c2j. Don't know, how do most kids at your school who drink alcohol usually ge",2,2013-2014..2014-2015,False
c8_c7,c8_c7,"c8_c7. Have you used alcoholic beverages, marijuana, or other drugs in the past",4,2017-2018..2020-2021,False
c8_c7,c8_c7c,"c8_c7c. To get high - Past 12 months, have you used AOD in for any of the reason",4,2017-2018..2020-2021,False
c8_c7a,c8_c7a,"c8_c7a. Does not apply, I haven't used alcohol, marijuana, or other drugs in the",4,2017-2018..2020-2021,False
c8_c7b,c8_c7b,"c8_c7b. To experiment (try using) - Past 12 months, have you used AOD in for any",4,2017-2018..2020-2021,False
c8_c7d,c8_c7d,"c8_c7d. To have a good time with friends - Past 12 months, have you used AOD in",4,2017-2018..2020-2021,False
c8_c7e,c8_c7e,"c8_c7e. To fit in with a group you like - Past 12 months, have you used AOD in f",4,2017-2018..2020-2021,False
c8_c7f,c8_c7f,"c8_c7f. Because of boredom - Past 12 months, have you used AOD in for any of the",4,2017-2018..2020-2021,False
c8_c7g,c8_c7g,"c8_c7g. To relax - Past 12 months, have you used AOD in for any of the reasons?",4,2017-2018..2020-2021,False
c8_c7h,c8_c7h,"c8_c7h. To get away from problems - Past 12 months, have you used AOD in for any",4,2017-2018..2020-2021,False
c8_c7i,c8_c7i,"c8_c7i. Because of anger or frustration - Past 12 months, have you used AOD in f",4,2017-2018..2020-2021,False
c8_c7j,c8_c7j,"c8_c7j. To get through the day - Past 12 months, have you used AOD in for any of",4,2017-2018..2020-2021,False
c8_c7k,c8_c7k,"c8_c7k. Because it made you feel better - Past 12 months, have you used AOD in f",4,2017-2018..2020-2021,False
c8_c7l,c8_c7l,"c8_c7l. To seek deeper insights and understanding - Past 12 months, have you use",4,2017-2018..2020-2021,False
c8_c7m,c8_c7m,"c8_c7m. None of the above - Past 12 months, have you used AOD in for any of the",4,2017-2018..2020-2021,False
c8a,c8a,"c8a. Doesn't apply; I never used alcohol or drugs, has using AOD caused you to h",2,2015-2016..2016-2017,False
c8b,c8b,"c8b. Have problems with emotions, nerves, or mental health, has using AOD caused",2,2015-2016..2016-2017,False
c8d,c8d,"c8d. Have money problems, has using AOD caused you to have the problem?",2,2015-2016..2016-2017,False
c8e,c8e,"c8e. Miss school, has using AOD caused you to have the problem?",2,2015-2016..2016-2017,False
c8f,c8f,"c8f. Have problems with schoolwork, has using AOD caused you to have the problem",2,2015-2016..2016-2017,False
c8g,c8g,"c8g. Fight with other kids, has using AOD caused you to have the problem?",2,2015-2016..2016-2017,False
c8h,c8h,"c8h. Damage a friendship, has using AOD caused you to have the problem?",2,2015-2016..2016-2017,False
c8i,c8i,"c8i. Physically hurt or injure yourself, has using AOD caused you to have the pr",2,2015-2016..2016-2017,False
c8j,c8j,"c8j. Have unwanted or unprotected sex, has using AOD caused you to have the prob",2,2015-2016..2016-2017,False
c8k,c8k,"c8k. Forget what happened or pass out, has using AOD caused you to have the prob",2,2015-2016..2016-2017,False
c8l,c8l,"c8l. Have any other problems, has using AOD caused you to have the problem?",2,2015-2016..2016-2017,False
c8m,c8m,"c8m. I've used alcohol or drugs but never had any problems, has using AOD caused",2,2015-2016..2016-2017,False
c9,c9,"c9. Lifetime, used Ritalin or Adderall or other prescription stimulant?",12,2010-2011..2023-2024,True
c9,c9c,c9c. Get into trouble or have problems with the police - Has using AOD caused yo,6,2015-2016..2020-2021,True
c9_c3,c9_c3,c9_c3. Having one or two drinks of any alcoholic beverage nearly everyday,2,2013-2014..2014-2015,False
c9a,c9a,c9a. Does not apply; I've never used alcohol or drugs - Has using AOD caused you,6,2015-2016..2020-2021,True
c9b,c9b,"c9b. Have problems with emotions, nerves, or mental health - Has using AOD cause",6,2015-2016..2020-2021,True
c9d,c9d,c9d. Have money problems - Has using AOD caused you to have any of the problem?,6,2015-2016..2020-2021,True
c9e,c9e,c9e. Miss school - Has using AOD caused you to have any of the problem?,6,2015-2016..2020-2021,True
c9f,c9f,c9f. Have problems with schoolwork - Has using AOD caused you to have any of the,6,2015-2016..2020-2021,True
c9g,c9g,c9g. Fight with others - Has using AOD caused you to have any of the problem?,6,2015-2016..2020-2021,True
c9h,c9h,c9h. Damage a friendship - Has using AOD caused you to have any of the problem?,6,2015-2016..2020-2021,True
c9i,c9i,c9i. Physically hurt or injure yourself - Has using AOD caused you to have any o,6,2015-2016..2020-2021,True
c9j,c9j,c9j. Have unwanted or unprotected sex - Has using AOD caused you to have any of,6,2015-2016..2020-2021,True
c9k,c9k,c9k. Forget what happened or pass out - Has using AOD caused you to have any of,6,2015-2016..2020-2021,True
c9l,c9l,c9l. Been suspended from school - Has using AOD caused you to have any of the pr,6,2015-2016..2020-2021,True
c9m,c9m,c9m. I've used alcohol or drugs but never had any of these problems - Has using,4,2017-2018..2020-2021,False
cadultsprt,cadultsprt_true,Adult supports - % 'Pretty much true' or 'Very much true',1,2020-2021..2020-2021,False
call,call,Community Environment,6,2014-2015..2019-2020,False
call,call_hi,High community Environment,3,2014-2015..2016-2017,False
call,call_true,Community Environment - % 'Pretty much true' or 'Very much true',6,2018-2019..2023-2024,False
call,call_vmtrue,Community Environment - % reporting 'Very much true',1,2017-2018..2017-2018,False
call,callc,Community Environment category,6,2014-2015..2019-2020,False
care,care,Total caring relationships,6,2014-2015..2019-2020,False
care,care_hi,High total caring relationships,3,2014-2015..2016-2017,False
care,care_true,Total caring relationships - % 'Pretty much true' or 'Very much true',6,2018-2019..2023-2024,False
care,care_vmtrue,Total caring relationships - % reporting 'Very much true',1,2017-2018..2017-2018,False
care,carec,Total caring relationships category,6,2014-2015..2019-2020,False
caring,caring,caring relationships,3,2010-2011..2012-2013,False
caware,caware_true,Self-awareness - % 'Pretty much true' or 'Very much true',1,2020-2021..2020-2021,False
ccare,ccare,Caring relationships - adults in community,6,2014-2015..2019-2020,False
ccare,ccare_hi,High caring relationships - adults in community,3,2014-2015..2016-2017,False
ccare,ccare_true,Caring relationships - adults in community - % 'Pretty much true' or 'Very much,6,2018-2019..2023-2024,False
ccare,ccare_vmtrue,Caring relationships - adults in community - % reporting 'Very much true',1,2017-2018..2017-2018,False
ccare,ccarec,Caring relationships - adults in community category,6,2014-2015..2019-2020,False
cdistress,cdistress_true,Social Emotional Distress - % 'Pretty much true' or 'Very much true',1,2020-2021..2020-2021,False
cefficacy,cefficacy_true,Self-efficacy - % 'Pretty much true' or 'Very much true',1,2020-2021..2020-2021,False
cgender1,cgender1,cgender1. What is your sex?,4,2015-2016..2018-2019,False
cgender2,cgender2,cgender2. What is your gender?,2,2017-2018..2018-2019,False
cgratitude,cgratitude_true,Gratitude - % 'Pretty much true' or 'Very much true',1,2020-2021..2020-2021,False
charter,charter,(unlabeled),1,2010-2011..2010-2011,False
chigh,chigh,High expectations - adults in community,6,2014-2015..2019-2020,False
chigh,chigh_hi,High high expectations - adults in community,3,2014-2015..2016-2017,False
chigh,chigh_true,High expectations - adults in community - % 'Pretty much true' or 'Very much tru,6,2018-2019..2023-2024,False
chigh,chigh_vmtrue,High expectations - adults in community - % reporting 'Very much true',1,2017-2018..2017-2018,False
chigh,chighc,High expectations - adults in community category,6,2014-2015..2019-2020,False
chksreg,chksreg,(unlabeled),1,2010-2011..2010-2011,False
class,class,(unlabeled),1,2010-2011..2010-2011,False
classx,classx,(unlabeled),1,2010-2011..2010-2011,False
cmean,cmean,Meaningful participation - adults in community,6,2014-2015..2019-2020,False
cmean,cmean_hi,High meaningful participation - adults in community,3,2014-2015..2016-2017,False
cmean,cmean_true,Meaningful participation - adults in community - % 'Pretty much true' or 'Very m,6,2018-2019..2023-2024,False
cmean,cmean_vmtrue,Meaningful participation - adults in community - % reporting 'Very much true',1,2017-2018..2017-2018,False
cmean,cmeanc,Meaningful participation - adults in community category,6,2014-2015..2019-2020,False
cnty,cnty,county,1,2010-2011..2010-2011,False
cntydist,cntydist,(unlabeled),1,2010-2011..2010-2011,False
cntydistid,cntydistid,County-district ID,13,2011-2012..2023-2024,True
cntydistn,cntydistn,(unlabeled),1,2010-2011..2010-2011,False
cntyid,cntyid,County ID,14,2010-2011..2023-2024,True
cntyl,cntyl,(unlabeled),1,2010-2011..2010-2011,False
cntyo,cntyo,(unlabeled),1,2010-2011..2010-2011,False
cntys,cntys,(unlabeled),1,2010-2011..2010-2011,False
cntyt,cntyt,(unlabeled),1,2010-2011..2010-2011,False
collaboration,collaboration,Collaboration,4,2016-2017..2019-2020,False
collaboration,collaboration_hi,High collaboration,1,2016-2017..2016-2017,False
collaboration,collaboration_true,Collaboration - % 'Pretty much true' or 'Very much true',6,2018-2019..2023-2024,False
collaboration,collaboration_vmtrue,Collaboration - % reporting 'Very much true',1,2017-2018..2017-2018,False
collaboration,collaborationc,Collaboration category,4,2016-2017..2019-2020,False
connect,connect,School connectedness,7,2013-2014..2019-2020,False
connect,connect_agree,School connectedness - % 'Agree' or 'Strongly agree',6,2018-2019..2023-2024,False
connect,connect_agree_rem,School connectedness - % 'Agree' or 'Strongly agree'  (remote only),3,2021-2022..2023-2024,False
connect,connect_hi,High school connectedness,4,2013-2014..2016-2017,False
connect,connectc,School connectedness category,7,2013-2014..2019-2020,False
connect_sagree,connect_sagree,School connectedness - % reporting 'Strongly agree',1,2017-2018..2017-2018,False
coop,coop,Cooperation and communication,6,2014-2015..2019-2020,False
coop,coop_hi,High cooperation and communication,3,2014-2015..2016-2017,False
coop,coop_true,Cooperation and communication - % 'Pretty much true' or 'Very much true',6,2018-2019..2023-2024,False
coop,coop_vmtrue,Cooperation and communication - % reporting 'Very much true',1,2017-2018..2017-2018,False
coop,coopc,Cooperation and communication category,6,2014-2015..2019-2020,False
coptimism,coptimism_true,Optimism - % 'Pretty much true' or 'Very much true',1,2020-2021..2020-2021,False
core,core,Data on any items in Core Module,11,2013-2014..2023-2024,False
core_hybrid,core_hybrid,Students taking the Hybrid Core (online data),1,2020-2021..2020-2021,False
core_inschool,core_inschool,Students taking the In-School Core (online data),1,2020-2021..2020-2021,False
core_remote,core_remote,Students taking the Remote Core (online data),1,2020-2021..2020-2021,False
coreused,coreused,(unlabeled),1,2010-2011..2010-2011,False
county,county,County name,13,2011-2012..2023-2024,True
cpsolve,cpsolve_true,Problem solving - % 'Pretty much true' or 'Very much true',1,2020-2021..2020-2021,False
cpsuprt,cpsuprt_true,Peer supports - % 'Pretty much true' or 'Very much true',1,2020-2021..2020-2021,False
cs1,cs1,cs1. My school offers electives that I am interested in taking. - How strongly d,1,2023-2024..2023-2024,False
cs10,cs10,cs10. My teachers work hard to help me with my schoolwork when I need it. - How,1,2023-2024..2023-2024,False
cs11,cs11,cs11. Teachers show how classroom lessons are helpful to students in real life.,1,2023-2024..2023-2024,False
cs12,cs12,cs12. Teachers give students a chance to take part in classroom discussions or a,1,2023-2024..2023-2024,False
cs13,cs13,cs13. Teachers go out of their way to help students. - How strongly do you agree,1,2023-2024..2023-2024,False
cs14,cs14,cs14. Teachers help students catch up when they return from an absence.  - How s,1,2023-2024..2023-2024,False
cs15,cs15,cs15. My teachers give me useful feedback on my work. - How strongly do you agre,1,2023-2024..2023-2024,False
cs16,cs16,cs16. Challenges related to bullying and harassment. - I know where to go or who,1,2023-2024..2023-2024,False
cs17,cs17,cs17. College and career planning. - I know where to go or who to contact at sch,1,2023-2024..2023-2024,False
cs18,cs18,"cs18. Counseling to help me with stress, feeling sad, family issues, alcohol, or",1,2023-2024..2023-2024,False
cs19,cs19,cs19. Dental care. - I know where to go or who to contact at school for help wit,1,2023-2024..2023-2024,False
cs2,cs2,cs2. My school offers before and after school activities that I am interested in,1,2023-2024..2023-2024,False
cs20,cs20,cs20. Distance learning supports when I have to do schoolwork from home. - I kno,1,2023-2024..2023-2024,False
cs21,cs21,cs21. Emergency assistance. - I know where to go or who to contact at school for,1,2023-2024..2023-2024,False
cs22,cs22,cs22. Accessing food. - I know where to go or who to contact at school for help,1,2023-2024..2023-2024,False
cs23,cs23,cs23. Language supports. - I know where to go or who to contact at school for he,1,2023-2024..2023-2024,False
cs24,cs24,cs24. LGBTQ supports. - I know where to go or who to contact at school for help,1,2023-2024..2023-2024,False
cs25,cs25,cs25. Medical care when I am sick or need a checkup. - I know where to go or who,1,2023-2024..2023-2024,False
cs26,cs26,cs26. Selecting classes for the current or next school year. - I know where to g,1,2023-2024..2023-2024,False
cs27,cs27,cs27. Tutoring services. - I know where to go or who to contact at school for he,1,2023-2024..2023-2024,False
cs28,cs28,cs28. I participate in making decisions with adults at school about how to creat,1,2023-2024..2023-2024,False
cs29,cs29,cs29. Students feel like they can express their ideas to adults at my school on,1,2023-2024..2023-2024,False
cs3,cs3,cs3. My school offers summer activities that I am interested in participating in,1,2023-2024..2023-2024,False
cs30,cs30,cs30. Adults at my school take students' ideas for school improvement seriously.,1,2023-2024..2023-2024,False
cs31,cs31,cs31. Students in/from this school respect each other's differences. - How stron,1,2023-2024..2023-2024,False
cs32,cs32,cs32. Adults/teachers in this school respect differences in students. - How stro,1,2023-2024..2023-2024,False
cs33,cs33,cs33. Teachers show that they think it is important for students of different ra,1,2023-2024..2023-2024,False
cs34,cs34,"cs34. I have been disrespected by an adult at this school because of my race, et",1,2023-2024..2023-2024,False
cs35,cs35,cs35. There is a lot of tension in this school between people of different cultu,1,2023-2024..2023-2024,False
cs4,cs4,"cs4. During class time, I engage in activities with organizations from my commun",1,2023-2024..2023-2024,False
cs5,cs5,cs5. The books and lessons used in my classes include examples of people from di,1,2023-2024..2023-2024,False
cs6,cs6,cs6. The books and lessons used in my classes include examples of people from di,1,2023-2024..2023-2024,False
cs7,cs7,cs7. My school brings in local community leaders and residents to talk to studen,1,2023-2024..2023-2024,False
cs8,cs8,cs8. My parents/guardians know how to support me at school. - How strongly do yo,1,2023-2024..2023-2024,False
cs9,cs9,cs9. Adults at this school encourage me to work hard so I can be successful in c,1,2023-2024..2023-2024,False
cssreg,cssreg,california student survey regions,2,2010-2011..2012-2013,True
ctag1,ctag1,ctag1. Teachers and other adults at this school treat all students with respect.,11,2013-2014..2023-2024,False
ctag10,ctag10,ctag10. The schoolyard and buildings are clean and in good condition.,11,2013-2014..2023-2024,False
ctag2,ctag2,ctag2. Teachers and other adults encourage me to work hard in school so I can be,11,2013-2014..2023-2024,False
ctag3,ctag3,ctag3. The teachers and other adults work hard to help me with my schoolwork whe,11,2013-2014..2023-2024,False
ctag4,ctag4,ctag4. Teachers show how classroom lessons are important and helpful to me in re,11,2013-2014..2023-2024,False
ctag5,ctag5,ctag5. Teachers give me a chance to take part in classroom discussions or activi,11,2013-2014..2023-2024,False
ctag6,ctag6,ctag6. The books and lessons in my classes include examples of my race or ethnic,11,2013-2014..2023-2024,False
ctag7,ctag7,ctag7. All students are treated fairly when they break school rules.,11,2013-2014..2023-2024,False
ctag8,ctag8,ctag8. I have been disrespected or mistreated by an adult at this school because,11,2013-2014..2023-2024,False
ctag9,ctag9,"ctag9. There is a lot of tension in this school between different cultures, race",11,2013-2014..2023-2024,False
custgender1,custgender1,custgender1. What is your sex?,1,2019-2020..2019-2020,False
custgender2,custgender2,custgender2. What is your gender?,1,2019-2020..2019-2020,False
custom,custom,Custom module,2,2013-2014..2014-2015,False
cw1,cw1,cw1. I have an adult at my school that I can talk to about my problems.,8,2015-2016..2022-2023,True
cw10,cw10,"cw10. In the past month, how often did you feel very lonely?",8,2015-2016..2022-2023,True
cw11,cw11,"cw11. If you were feeling very sad, stressed, lonely or depressed, would you...",8,2015-2016..2022-2023,True
cw11,cw11c,"cw11c. Get help from a counselor or therapist - If you were feeling very sad, st",3,2020-2021..2022-2023,False
cw11a,cw11a,cw11a. Talk to a teacher or another adult from your school - If you were feeling,3,2020-2021..2022-2023,False
cw11b,cw11b,cw11b. Talk to your parents or someone else in your family - If you were feeling,3,2020-2021..2022-2023,False
cw11d,cw11d,"cw11d. Talk to your friends - If you were feeling very sad, stressed, lonely or",3,2020-2021..2022-2023,False
cw11e,cw11e,"cw11e. Be afraid to get help - If you were feeling very sad, stressed, lonely or",3,2020-2021..2022-2023,False
cw11f,cw11f,"cw11f. Not know what to do - If you were feeling very sad, stressed, lonely or d",3,2020-2021..2022-2023,False
cw12,cw12,"cw12. In the past year, did you want to talk to a counselor or therapist about f",8,2015-2016..2022-2023,True
cw13,cw13,"cw13. In the past year, did you get help from a counselor or therapist when you",8,2015-2016..2022-2023,True
cw14,cw14,"cw14. In the past year, where did you get help from a counselor or therapist? (m",8,2015-2016..2022-2023,True
cw14,cw14c,"cw14c. From a counselor or therapist not from my school (in person, by phone or",3,2020-2021..2022-2023,False
cw14a,cw14a,"cw14a. Nowhere - In the past year, where did you get help from a counselor or th",3,2020-2021..2022-2023,False
cw14b,cw14b,"cw14b. At school (in person, by phone or online) - In the past year, where did y",3,2020-2021..2022-2023,False
cw14d,cw14d,"cw14d. Somewhere else - In the past year, where did you get help from a counselo",3,2020-2021..2022-2023,False
cw14e,cw14e,"cw14e. I don't know - In the past year, where did you get help from a counselor",3,2020-2021..2022-2023,False
cw15,cw15,"cw15. In the past year, did an adult at school refer or connect you to a counsel",8,2015-2016..2022-2023,True
cw16,cw16,"cw16. If you were very sad, stressed, lonely or depressed, would any of these th",8,2015-2016..2022-2023,True
cw16,cw16c,"cw16c. They wouldn't understand - If you were very sad, stressed, lonely or depr",5,2018-2019..2022-2023,True
cw16a,cw16a,"cw16a. You don't know where to go for help - If you were very sad, stressed, lon",5,2018-2019..2022-2023,True
cw16b,cw16b,"cw16b. There isn't anyone you can talk to - If you were very sad, stressed, lone",5,2018-2019..2022-2023,True
cw16d,cw16d,cw16d. People would think there's something wrong with you - If you were very sa,5,2018-2019..2022-2023,True
cw16e,cw16e,"cw16e. Your parents might find out - If you were very sad, stressed, lonely or d",5,2018-2019..2022-2023,True
cw16f,cw16f,"cw16f. Other students might find out - If you were very sad, stressed, lonely or",5,2018-2019..2022-2023,True
cw16g,cw16g,"cw16g. You don't have a way to pay for it - If you were very sad, stressed, lone",5,2018-2019..2022-2023,True
cw16h,cw16h,cw16h. You don't want to talk to a counselor or therapist - If you were very sad,5,2018-2019..2022-2023,True
cw16i,cw16i,"cw16i. Other reasons - If you were very sad, stressed, lonely or depressed, woul",5,2018-2019..2022-2023,True
cw16j,cw16j,"cw16j. Does not apply, none of these things would stop me from talking to a coun",3,2020-2021..2022-2023,False
cw17,cw17,cw17. I usually expect to have a good day.,3,2015-2016..2017-2018,False
cw18,cw18,"cw18. If a friend of mine felt sad, stressed, or depressed, I would... (Mark all",3,2015-2016..2017-2018,False
cw18,cw18c,cw18c. Tell them to talk to a teacher or another adult at school - If a friend o,3,2015-2016..2017-2018,False
cw18a,cw18a,"cw18a. Offer my support - If a friend of mine felt sad, stressed, or depressed,",3,2015-2016..2017-2018,False
cw18b,cw18b,cw18b. Listen to them without judging or criticizing - If a friend of mine felt,3,2015-2016..2017-2018,False
cw18d,cw18d,cw18d. Tell them to talk to a parent or someone else in their family - If a frie,3,2015-2016..2017-2018,False
cw18e,cw18e,"cw18e. Tell them to get help from a counselor, doctor, or therapist - If a frien",3,2015-2016..2017-2018,False
cw18f,cw18f,cw18f. Try not to talk to them until they got better - If a friend of mine felt,3,2015-2016..2017-2018,False
cw18g,cw18g,"cw18g. Not know what to do - If a friend of mine felt sad, stressed, or depresse",3,2015-2016..2017-2018,False
cw19,cw19,"cw19. If I felt sad, stressed, or depressed, I would... (Mark all that apply.)",3,2015-2016..2017-2018,False
cw19,cw19c,"cw19c. Get help from a counselor, doctor or therapist - If I felt sad, stressed,",3,2015-2016..2017-2018,False
cw19a,cw19a,"cw19a. Talk to a teacher or another adult at school - If I felt sad, stressed, o",3,2015-2016..2017-2018,False
cw19b,cw19b,"cw19b. Talk to my parents or someone else in my family - If I felt sad, stressed",3,2015-2016..2017-2018,False
cw19d,cw19d,"cw19d. Talk to my friends - If I felt sad, stressed, or depressed, I would... (M",3,2015-2016..2017-2018,False
cw19e,cw19e,"cw19e. Not know what to do - If I felt sad, stressed, or depressed, I would... (",3,2015-2016..2017-2018,False
cw2,cw2,"cw2. I know where to go or who to contact at school for help when I am very sad,",8,2015-2016..2022-2023,True
cw20,cw20,cw20. Talking to an adult could help them feel better.,3,2015-2016..2017-2018,False
cw21,cw21,cw21. Kids at my school would be nice to them.,3,2015-2016..2017-2018,False
cw22,cw22,cw22. I would be afraid to ask for help.,3,2015-2016..2017-2018,False
cw23,cw23,cw23. I would feel bad about myself if I made the choice to get help.,3,2015-2016..2017-2018,False
cw24,cw24,"cw24. In the past year, did you want to talk to an adult professional about feel",3,2015-2016..2017-2018,False
cw25,cw25,"cw25. In the past year, how often did you get help from an adult professional wh",3,2015-2016..2017-2018,False
cw26,cw26,"cw26. If you were sad, stressed, or depressed, would any of these things stop yo",3,2015-2016..2017-2018,False
cw26,cw26c,"cw26c. They wouldn't understand - If you were sad, stressed, or depressed, would",3,2015-2016..2017-2018,False
cw26a,cw26a,"cw26a. I don't know where to go for help - If you were sad, stressed, or depress",3,2015-2016..2017-2018,False
cw26b,cw26b,"cw26b. There isn't anyone I can talk to - If you were sad, stressed, or depresse",3,2015-2016..2017-2018,False
cw26d,cw26d,"cw26d. People would think there's something wrong with me - If you were sad, str",3,2015-2016..2017-2018,False
cw26e,cw26e,"cw26e. My parents might find out - If you were sad, stressed, or depressed, woul",3,2015-2016..2017-2018,False
cw26f,cw26f,"cw26f. Other students might find out - If you were sad, stressed, or depressed,",3,2015-2016..2017-2018,False
cw26g,cw26g,"cw26g. I don't have a way to pay for it - If you were sad, stressed, or depresse",3,2015-2016..2017-2018,False
cw26h,cw26h,"cw26h. Other - If you were sad, stressed, or depressed, would any of these thing",3,2015-2016..2017-2018,False
cw3,cw3,cw3. Mental health is an important issue for people my age.,8,2015-2016..2022-2023,True
cw4,cw4,cw4. People at my school talk openly about mental health.,8,2015-2016..2022-2023,True
cw5,cw5,cw5. My school encourages students to take care of their mental health.,8,2015-2016..2022-2023,True
cw6,cw6,cw6. Talking to an adult could help them feel better. - If someone my age felt v,8,2015-2016..2022-2023,True
cw6,cw6c,"cw6c. Get help from a counselor, doctor, or therapist - If I was having a hard t",2,2018-2019..2019-2020,True
cw6a,cw6a,cw6a. Talk to a teacher or another adult at school - If I was having a hard time,2,2018-2019..2019-2020,False
cw6b,cw6b,cw6b. Talk to my parents or someone else in my family - If I was having a hard t,2,2018-2019..2019-2020,False
cw6d,cw6d,"cw6d. Talk to my friends - If I was having a hard time and feeling sad, stressed",2,2018-2019..2019-2020,False
cw6e,cw6e,"cw6e. Not know what to do - If I was having a hard time and feeling sad, stresse",2,2018-2019..2019-2020,False
cw7,cw7,"cw7. Kids at my school would be nice to them. - If someone my age felt very sad,",8,2015-2016..2022-2023,True
cw8,cw8,"cw8. Talking to an adult could help me feel better. - If I was very sad, stresse",8,2015-2016..2022-2023,True
cw9,cw9,"cw9. Kids at my school would be nice to me. - If I was very sad, stressed, lonel",8,2015-2016..2022-2023,True
cwaware,cwaware,Self awareness (Cal-Well),2,2016-2017..2017-2018,False
cwaware,cwaware_vmtrue,Self awareness - % reporting 'Very much true' (Cal-Well),1,2017-2018..2017-2018,False
cwaware,cwawarec,Self awareness category (Cal-Well),2,2016-2017..2017-2018,False
cwempathy,cwempathy,Empathy (Cal-Well),2,2016-2017..2017-2018,True
cwempathy,cwempathy_vmtrue,Empathy - % reporting 'Very much true' (Cal-Well),1,2017-2018..2017-2018,False
cwempathy,cwempathyc,Empathy category (Cal-Well),2,2016-2017..2017-2018,False
cwpcare,cwpcare,Peer caring relationships (Cal-Well module),2,2016-2017..2017-2018,False
cwpcare,cwpcare_vmtrue,Peer caring relationships - % reporting 'Very much true' (Cal-Well),1,2017-2018..2017-2018,False
cwpcare,cwpcarec,Peer caring relationships (Cal-Well),2,2016-2017..2017-2018,False
d1,d1,d1. Have you ever vaped tobacco or nicotine?,14,2010-2011..2023-2024,True
d10,d10,d10. Would you like to quit vaping?,14,2010-2011..2023-2024,True
d11,d11,d11. How likely are you to try to quit vaping?,14,2010-2011..2023-2024,True
d11_rp,d11_rp,d11_rp. Repeating d11,1,2013-2014..2013-2014,False
d12,d12,d12. How much control do you have over whether you quit vaping?,14,2010-2011..2023-2024,True
d12_rp,d12_rp,d12_rp. Repeating d12,1,2013-2014..2013-2014,False
d13,d13,d13. How hard would it be for you to refuse or say 'no' to a friend who offered,14,2010-2011..2023-2024,True
d13_rp,d13_rp,d13_rp. Repeating d13,1,2013-2014..2013-2014,False
d14,d14,d14. How likely do you think it is that you will vape at least one time in the n,14,2010-2011..2023-2024,True
d15,d15,d15. Think about a group of 100 students (about three classrooms) in your grade.,14,2010-2011..2023-2024,True
d16,d16,d16. How do you feel about someone your age vaping nicotine or tobacco multiple,14,2010-2011..2023-2024,True
d17,d17,d17. How do you think your close friends would feel about you vaping nicotine or,14,2010-2011..2023-2024,True
d18,d18,d18. Have you ever smoked cigarettes?,14,2010-2011..2023-2024,True
d19,d19,d19. How old were you when you first tried cigarettes?,14,2010-2011..2023-2024,True
d1_rp,d1_rp,d1_rp. Repeating d1,1,2013-2014..2013-2014,False
d2,d2,d2. How old were you when you first tried vaping?,14,2010-2011..2023-2024,True
d20,d20,d20. Have you smoked cigarettes in the past 30 days?,14,2010-2011..2023-2024,True
d21,d21,d21. Why do you currently smoke cigarettes? (Mark all that apply.),14,2010-2011..2023-2024,True
d21,d21c,"d21c. They are easier to get than other tobacco products, such as vapes - Why do",1,2023-2024..2023-2024,False
d21a,d21a,d21a. To fit in/peer pressure - Why do you currently smoke cigarettes? (Mark all,1,2023-2024..2023-2024,False
d21b,d21b,d21b. A family member smokes them - Why do you currently smoke cigarettes? (Mark,1,2023-2024..2023-2024,False
d21d,d21d,"d21d. They cost less than other tobacco products, such as vapes - Why do you cur",1,2023-2024..2023-2024,False
d21e,d21e,"d21e. They are less harmful than other forms of tobacco, such as vapes - Why do",1,2023-2024..2023-2024,False
d21f,d21f,d21f. They are available in flavors I like - Why do you currently smoke cigarett,1,2023-2024..2023-2024,False
d21g,d21g,d21g. It looks cool - Why do you currently smoke cigarettes? (Mark all that appl,1,2023-2024..2023-2024,False
d21h,d21h,d21h. To relax or relieve stress or anxiety - Why do you currently smoke cigaret,1,2023-2024..2023-2024,False
d21i,d21i,d21i. To focus or concentrate - Why do you currently smoke cigarettes? (Mark all,1,2023-2024..2023-2024,False
d21j,d21j,d21j. For the nicotine buzz - Why do you currently smoke cigarettes? (Mark all t,1,2023-2024..2023-2024,False
d21k,d21k,d21k. Because I am 'hooked' - Why do you currently smoke cigarettes? (Mark all t,1,2023-2024..2023-2024,False
d21l,d21l,d21l. To control my weight - Why do you currently smoke cigarettes? (Mark all th,1,2023-2024..2023-2024,False
d21m,d21m,d21m. For some other reason - Why do you currently smoke cigarettes? (Mark all t,1,2023-2024..2023-2024,False
d22,d22,d22. How do you usually get your cigarettes?,14,2010-2011..2023-2024,True
d23,d23,d23. Where do you usually buy your cigarettes?,14,2010-2011..2023-2024,True
d24,d24,d24. Have you ever purchased cigarettes (or one cigarette) from someone at schoo,14,2010-2011..2023-2024,True
d25,d25,"d25. Compared to one year ago, are you now smoking cigarettes more, about the sa",11,2013-2014..2023-2024,True
d26,d26,d26. Would you like to quit smoking cigarettes?,11,2013-2014..2023-2024,True
d27,d27,d27. How likely are you to quit smoking cigarettes?,11,2013-2014..2023-2024,True
d28,d28,d28. How much control do you have over whether you quit smoking cigarettes?,11,2013-2014..2023-2024,True
d29,d29,d29. How hard would it be for you to refuse or say 'no' to a friend who offered,11,2013-2014..2023-2024,True
d3,d3,d3. - Why did you first use vapes? (Mark all that apply.),14,2010-2011..2023-2024,True
d3,d3c,"d3c. To try to quit using other tobacco products, such as cigarettes - Why did y",1,2023-2024..2023-2024,False
d30,d30,d30. How likely do you think it is that you will smoke one or more cigarettes in,11,2013-2014..2023-2024,True
d31,d31,d31. About how many students do you think smoke cigarettes at least once a month,8,2016-2017..2023-2024,True
d32,d32,d32. How do you feel about someone your age smoking one or more packs of cigaret,6,2018-2019..2023-2024,True
d32,d32c,d32c. Marijuana or THC - Have you ever used a vaping device or e-cigarette to co,5,2018-2019..2022-2023,True
d32a,d32a,d32a. I've never used a vaping device or e-cigarette. - Have you ever used a vap,5,2018-2019..2022-2023,True
d32b,d32b,d32b. Nicotine or tobacco substitute - Have you ever used a vaping device or e-c,5,2018-2019..2022-2023,True
d32d,d32d,"d32d. Amphetamines, cocaine, or heroin - Have you ever used a vaping device or e",5,2018-2019..2022-2023,True
d32e,d32e,"d32e. A flavored product without nicotine, alcohol, or other drug - Have you eve",5,2018-2019..2022-2023,True
d32f,d32f,d32f. Any other product or substance - Have you ever used a vaping device or e-c,5,2018-2019..2022-2023,True
d32g,d32g,d32g. I was not sure what was in the vaping device or e-cigarette - Have you eve,5,2018-2019..2022-2023,True
d33,d33,d33. How do you think your close friends would feel about you smoking one or mor,1,2023-2024..2023-2024,False
d34,d34,d34. Have lessons about tobacco and its effects on the body - During the past 12,1,2023-2024..2023-2024,False
d35,d35,d35. Practice different ways to refuse or say 'no' to tobacco offers - During th,1,2023-2024..2023-2024,False
d36,d36,"d36. During the past 12 months, have you talked with at least one of your parent",1,2023-2024..2023-2024,False
d37,d37,"d37. Go to a special group or class - In the past 12 months, did you do any of t",1,2023-2024..2023-2024,False
d38,d38,"d38. Talk to an adult at your school about how to quit - In the past 12 months,",1,2023-2024..2023-2024,False
d39,d39,"d39. Talk to a peer helper about how to quit - In the past 12 months, did you do",1,2023-2024..2023-2024,False
d3a,d3a,d3a. To fit in/peer pressure - Why did you first use vapes? (Mark all that apply,1,2023-2024..2023-2024,False
d3b,d3b,d3b. A family member used them - Why did you first use vapes? (Mark all that app,1,2023-2024..2023-2024,False
d3d,d3d,"d3d. They cost less than other tobacco products, such as cigarettes - Why did yo",1,2023-2024..2023-2024,False
d3e,d3e,"d3e. They were easier to get than other tobacco products, such as cigarettes - W",1,2023-2024..2023-2024,False
d3f,d3f,"d3f. They are less harmful than other forms of tobacco, such as cigarettes - Why",1,2023-2024..2023-2024,False
d3g,d3g,d3g. They were available in flavors I like - Why did you first use vapes? (Mark,1,2023-2024..2023-2024,False
d3h,d3h,d3h. I could use them unnoticed at home or at school - Why did you first use vap,1,2023-2024..2023-2024,False
d3i,d3i,d3i. It looks cool - Why did you first use vapes? (Mark all that apply.),1,2023-2024..2023-2024,False
d3j,d3j,d3j. I was curious about them - Why did you first use vapes? (Mark all that appl,1,2023-2024..2023-2024,False
d3k,d3k,d3k. To relax or relieve stress or anxiety - Why did you first use vapes? (Mark,1,2023-2024..2023-2024,False
d3l,d3l,d3l. For the nicotine buzz - Why did you first use vapes? (Mark all that apply.),1,2023-2024..2023-2024,False
d3m,d3m,d3m. To control my weight - Why did you first use vapes? (Mark all that apply.),1,2023-2024..2023-2024,False
d3n,d3n,d3n. For some other reason - Why did you first use vapes? (Mark all that apply.),1,2023-2024..2023-2024,False
d4,d4,d4. Have you vaped tobacco or nicotine in the past 30 days?,14,2010-2011..2023-2024,True
d5,d5,d5. Why do you currently use vapes? (Mark all that apply.),14,2010-2011..2023-2024,True
d5,d5c,"d5c. To try to quit using other tobacco products, such as cigarettes - Why do yo",1,2023-2024..2023-2024,False
d5a,d5a,d5a. To fit in/peer pressure - Why do you currently use vapes? (Mark all that ap,1,2023-2024..2023-2024,False
d5b,d5b,d5b. A family member used them - Why do you currently use vapes? (Mark all that,1,2023-2024..2023-2024,False
d5d,d5d,"d5d. They cost less than other tobacco products, such as cigarettes - Why do you",1,2023-2024..2023-2024,False
d5e,d5e,"d5e. They are easier to get than other tobacco products, such as cigarettes - Wh",1,2023-2024..2023-2024,False
d5f,d5f,"d5f. They are less harmful than other forms of tobacco, such as cigarettes - Why",1,2023-2024..2023-2024,False
d5g,d5g,d5g. They are available in flavors I like - Why do you currently use vapes? (Mar,1,2023-2024..2023-2024,False
d5h,d5h,d5h. I can use them unnoticed at home or at school - Why do you currently use va,1,2023-2024..2023-2024,False
d5i,d5i,d5i. It looks cool - Why do you currently use vapes? (Mark all that apply.),1,2023-2024..2023-2024,False
d5j,d5j,d5j. To relax or relieve stress or anxiety - Why do you currently use vapes? (Ma,1,2023-2024..2023-2024,False
d5k,d5k,d5k. To focus or concentrate - Why do you currently use vapes? (Mark all that ap,1,2023-2024..2023-2024,False
d5l,d5l,d5l. For the nicotine buzz - Why do you currently use vapes? (Mark all that appl,1,2023-2024..2023-2024,False
d5m,d5m,d5m. Because I am 'hooked' - Why do you currently use vapes? (Mark all that appl,1,2023-2024..2023-2024,False
d5n,d5n,d5n. To control my weight - Why do you currently use vapes? (Mark all that apply,1,2023-2024..2023-2024,False
d5o,d5o,d5o. For some other reason - Why do you currently use vapes? (Mark all that appl,1,2023-2024..2023-2024,False
d6,d6,d6. How do you usually get your vapes (or pods or e-liquid)?,14,2010-2011..2023-2024,True
d7,d7,d7. Where do you usually buy your vapes (or pods or e-liquid)?,14,2010-2011..2023-2024,True
d8,d8,"d8. Have you ever purchased a vaping device (including disposable devices), pod,",14,2010-2011..2023-2024,True
d9,d9,"d9. Compared to one year ago, are you now vaping more, about the same, or less t",14,2010-2011..2023-2024,True
d9_rp,d9_rp,d9_rp. Repeating d9,1,2013-2014..2013-2014,False
dasm,dasm,(unlabeled),1,2010-2011..2010-2011,False
dasm1,dasm1,dasm1. How safe do you feel in the neighborhood where you live?,11,2013-2014..2023-2024,False
dasm2,dasm2,dasm2. Where do you usually go right after school is over?,11,2013-2014..2023-2024,False
dasm3,dasm3,dasm3. What do you usually do after school is over? (Mark all that apply),11,2013-2014..2023-2024,False
dasm3,dasm3c,"dasm3c. Take private classes or lessons such as art, music, or dance - What do y",11,2013-2014..2023-2024,False
dasm3a,dasm3a,dasm3a. Do your schoolwork (homework or studying) - What do you usually do after,11,2013-2014..2023-2024,False
dasm3b,dasm3b,dasm3b. Get help with your schoolwork from an adult (such as a tutor) - What do,11,2013-2014..2023-2024,False
dasm3d,dasm3d,dasm3d. Play or practice a sport - What do you usually do after school is over?,11,2013-2014..2023-2024,False
dasm3e,dasm3e,"dasm3e. Hang out with friends (talking, playing games, going to the mall or a mo",11,2013-2014..2023-2024,False
dasm3f,dasm3f,dasm3f. Watch TV or play video games - What do you usually do after school is ov,11,2013-2014..2023-2024,False
dasm3g,dasm3g,dasm3g. Do religious activities or get religious instruction - What do you usual,11,2013-2014..2023-2024,False
dasm3h,dasm3h,dasm3h. Work at a job - What do you usually do after school is over?,11,2013-2014..2023-2024,False
dasm3i,dasm3i,dasm3i. Other - What do you usually do after school is over?,11,2013-2014..2023-2024,False
dasm4,dasm4,dasm4. Please mark whether you agree with each of the following statements. (Mar,11,2013-2014..2023-2024,False
dasm4,dasm4c,dasm4c. I wish my school had an afterschool program.,11,2013-2014..2023-2024,True
dasm4a,dasm4a,dasm4a. My school doesn't have an afterschool program.,11,2013-2014..2023-2024,True
dasm4b,dasm4b,dasm4b. I don't know if my school has an afterschool program.,11,2013-2014..2023-2024,True
dasm4d,dasm4d,dasm4d. I don't know much about the afterschool program.,11,2013-2014..2023-2024,True
dasm4e,dasm4e,dasm4e. It has activities that we usually don't have during the school day.,11,2013-2014..2023-2024,False
dasm4f,dasm4f,dasm4f. The afterschool program doesn't interest me.,11,2013-2014..2023-2024,True
dasm4g,dasm4g,dasm4g. It is a safe place to be after school.,11,2013-2014..2023-2024,False
dasm4h,dasm4h,dasm4h. It helps you with schoolwork.,11,2013-2014..2023-2024,False
dasm4i,dasm4i,dasm4i. The students that attend it really like it.,11,2013-2014..2023-2024,False
dasm4j,dasm4j,"dasm4j. I do not attend, but I would like to.",11,2013-2014..2023-2024,True
dasm5,dasm5,"dasm5. In a normal school week, how many days do you usually go to your school's",11,2013-2014..2023-2024,False
derbisol,derbisol,(unlabeled),1,2010-2011..2010-2011,False
derlate,derlate,(unlabeled),1,2010-2011..2010-2011,False
dfc1,dfc1,"dfc1. During the past 30 days, have you used prescription drugs not prescribed t",11,2013-2014..2023-2024,True
dfc10,dfc10,dfc10. Have one or two drinks of an alcoholic beverage nearly every day - How wr,5,2013-2014..2023-2024,True
dfc11,dfc11,dfc11. Smoke cigarettes - How wrong do your parents or guardians feel it would b,5,2013-2014..2023-2024,True
dfc12,dfc12,dfc12. Use marijuana - How wrong do your parents or guardians feel it would be f,5,2013-2014..2023-2024,True
dfc13,dfc13,dfc13. Use prescription drugs not prescribed to you - How wrong do your parents,4,2013-2014..2023-2024,True
dfc13_dfc7,dfc13_dfc7,dfc13_dfc7. How do most kids at your school who drink alcohol usually get it (Ma,1,2016-2017..2016-2017,False
dfc13_dfc7,dfc13_dfc7c,"dfc13_dfc7c. At their own home, how do most kids at your school who drink alcoho",1,2016-2017..2016-2017,False
dfc13_dfc7a,dfc13_dfc7a,"dfc13_dfc7a. At school, how do most kids at your school who drink alcohol usuall",1,2016-2017..2016-2017,False
dfc13_dfc7b,dfc13_dfc7b,"dfc13_dfc7b. At parties or events outside school, how do most kids at your schoo",1,2016-2017..2016-2017,False
dfc13_dfc7d,dfc13_dfc7d,"dfc13_dfc7d. From adults at friends' homes, how do most kids at your school who",1,2016-2017..2016-2017,False
dfc13_dfc7e,dfc13_dfc7e,"dfc13_dfc7e. From friends or another teenager, how do most kids at your school w",1,2016-2017..2016-2017,False
dfc13_dfc7f,dfc13_dfc7f,"dfc13_dfc7f. Get adults to buy it for them, how do most kids at your school who",1,2016-2017..2016-2017,False
dfc13_dfc7g,dfc13_dfc7g,"dfc13_dfc7g. Buy it themselves from a store, how do most kids at your school who",1,2016-2017..2016-2017,False
dfc13_dfc7h,dfc13_dfc7h,"dfc13_dfc7h. At bars, clubs, or gambling casinos, how do most kids at your schoo",1,2016-2017..2016-2017,False
dfc13_dfc7i,dfc13_dfc7i,"dfc13_dfc7i. Other, how do most kids at your school who drink alcohol usually ge",1,2016-2017..2016-2017,False
dfc13_dfc7j,dfc13_dfc7j,"dfc13_dfc7j. Don't know, how do most kids at your school who drink alcohol usual",1,2016-2017..2016-2017,False
dfc14_dfc8,dfc14_dfc8,"dfc14_dfc8. Having one or two drinks of any alcoholic beverage nearly every day,",1,2016-2017..2016-2017,False
dfc15_dfc9,dfc15_dfc9,"dfc15_dfc9. Trying marijuana or hashish once or twice, how do you feel about som",1,2016-2017..2016-2017,False
dfc16_dfc10,dfc16_dfc10,"dfc16_dfc10. Using marijuana once a month or more, how do you feel about someone",1,2016-2017..2016-2017,False
dfc17_dfc11,dfc17_dfc11,"dfc17_dfc11. Past 12 months, have you talked with at least one of your parents o",1,2016-2017..2016-2017,False
dfc18_dfc12,dfc18_dfc12,"dfc18_dfc12. Past 12 months, have you heard, read, or watched any messages about",1,2016-2017..2016-2017,False
dfc19,dfc19,"dfc19. During the past 12 months, have you sold drugs to someone?",1,2016-2017..2016-2017,False
dfc2,dfc2,dfc2. Have one or two drinks of an alcoholic beverage nearly every day - How muc,11,2013-2014..2023-2024,True
dfc20_dfc13,dfc20_dfc13,"dfc20_dfc13. Take one or two drinks of alcohol nearly every day, how wrong do yo",1,2016-2017..2016-2017,False
dfc21_dfc14,dfc21_dfc14,"dfc21_dfc14. Smoke tobacco, how wrong do your parents or guardians feel it would",1,2016-2017..2016-2017,False
dfc22_dfc15,dfc22_dfc15,"dfc22_dfc15. Use marijuana, how wrong do your parents or guardians feel it would",1,2016-2017..2016-2017,False
dfc23_dfc16,dfc23_dfc16,dfc23_dfc16. Use prescription drugs to get high or for reasons other than prescr,1,2016-2017..2016-2017,False
dfc24_dfc17,dfc24_dfc17,"dfc24_dfc17. Take one or two drinks of alcohol nearly every day, how wrong would",1,2016-2017..2016-2017,False
dfc25_dfc18,dfc25_dfc18,"dfc25_dfc18. Smoke tobacco, how wrong would your close friends feel it would be",1,2016-2017..2016-2017,False
dfc26_dfc19,dfc26_dfc19,"dfc26_dfc19. Use marijuana, how wrong would your close friends feel it would be",1,2016-2017..2016-2017,False
dfc27_dfc20,dfc27_dfc20,dfc27_dfc20. Use prescription drugs to get high or for reasons other than prescr,1,2016-2017..2016-2017,False
dfc28_dfc21,dfc28_dfc21,"dfc28_dfc21. Drinking one or two drinks of alcohol nearly every day, how do you",1,2016-2017..2016-2017,False
dfc29_dfc22,dfc29_dfc22,"dfc29_dfc22. Using marijuana, how do you think your close friends would feel...",1,2016-2017..2016-2017,False
dfc3,dfc3,dfc3. Use marijuana once or twice a week - How much do people risk harming thems,11,2013-2014..2023-2024,True
dfc30_dfc23,dfc30_dfc23,"dfc30_dfc23. Using prescription drugs to get high, how do you think your close f",1,2016-2017..2016-2017,False
dfc31_dfc24,dfc31_dfc24,"dfc31_dfc24. Past 30 days, have you used prescription drugs not prescribed to yo",1,2016-2017..2016-2017,False
dfc32_dfc25,dfc32_dfc25,"dfc32_dfc25. Risk harming themselves, use prescription drugs that are not prescr",1,2016-2017..2016-2017,False
dfc33_dfc26,dfc33_dfc26,dfc33_dfc26. Use prescription drugs not prescribed to you - How wrong do your pa,1,2016-2017..2016-2017,False
dfc34_dfc27,dfc34_dfc27,dfc34_dfc27. How wrong do your friends feel it would be for you to use prescript,1,2016-2017..2016-2017,False
dfc4,dfc4,dfc4. Use prescription drugs not prescribed to them - How much do people risk ha,11,2013-2014..2023-2024,True
dfc5,dfc5,dfc5. How do you feel about someone your age having one or two drinks of an alco,11,2013-2014..2023-2024,True
dfc6,dfc6,dfc6. Have one or two drinks of an alcoholic beverage nearly every day - How wro,6,2013-2014..2023-2024,True
dfc7,dfc7,dfc7. Smoke cigarettes - How wrong do your friends feel it would be if you did t,6,2013-2014..2023-2024,True
dfc8,dfc8,dfc8. Use marijuana - How wrong do your friends feel it would be if you did the,5,2013-2014..2023-2024,True
dfc8,dfc8c,"dfc8c. Get into trouble or have problems with the police, has using AOD caused y",1,2016-2017..2016-2017,False
dfc8_rp,dfc8_rp,dfc8_rp. Repeating dfc8,1,2013-2014..2013-2014,False
dfc8a,dfc8a,"dfc8a. Doesn't apply; I never used alcohol or drugs, has using AOD caused you to",1,2016-2017..2016-2017,False
dfc8b,dfc8b,"dfc8b. Have problems with emotions, nerves, or mental health, has using AOD caus",1,2016-2017..2016-2017,False
dfc8d,dfc8d,"dfc8d. Have money problems, has using AOD caused you to have the problem?",1,2016-2017..2016-2017,False
dfc8e,dfc8e,"dfc8e. Miss school, has using AOD caused you to have the problem?",1,2016-2017..2016-2017,False
dfc8f,dfc8f,"dfc8f. Have problems with schoolwork, has using AOD caused you to have the probl",1,2016-2017..2016-2017,False
dfc8g,dfc8g,"dfc8g. Fight with other kids, has using AOD caused you to have the problem?",1,2016-2017..2016-2017,False
dfc8h,dfc8h,"dfc8h. Damage a friendship, has using AOD caused you to have the problem?",1,2016-2017..2016-2017,False
dfc8i,dfc8i,"dfc8i. Physically hurt or injure yourself, has using AOD caused you to have the",1,2016-2017..2016-2017,False
dfc8j,dfc8j,"dfc8j. Have unwanted or unprotected sex, has using AOD caused you to have the pr",1,2016-2017..2016-2017,False
dfc8k,dfc8k,"dfc8k. Forget what happened or pass out, has using AOD caused you to have the pr",1,2016-2017..2016-2017,False
dfc8l,dfc8l,"dfc8l. Have any other problems, has using AOD caused you to have the problem?",1,2016-2017..2016-2017,False
dfc8m,dfc8m,"dfc8m. I've used alcohol or drugs but never had any problems, has using AOD caus",1,2016-2017..2016-2017,False
dfc9,dfc9,dfc9. Use prescription drugs not prescribed to you - How wrong do your friends f,5,2013-2014..2023-2024,True
dfc9,dfc9c,"dfc9c. Frequently spent a lot of time getting, using, or being hung over from us",1,2016-2017..2016-2017,False
dfc9a,dfc9a,"dfc9a. Does not apply; I have not used alcohol or drugs, have you...",1,2016-2017..2016-2017,False
dfc9b,dfc9b,dfc9b. Found you had to increase how much you use to have the same effect as bef,1,2016-2017..2016-2017,False
dfc9d,dfc9d,"dfc9d. Used alcohol or drugs a lot more than you intended, have you...",1,2016-2017..2016-2017,False
dfc9e,dfc9e,"dfc9e. Used alcohol or drugs when you were alone, have you...",1,2016-2017..2016-2017,False
dfc9f,dfc9f,"dfc9f. Your use of alcohol or drugs often kept you from doing a normal activity,",1,2016-2017..2016-2017,False
dfc9g,dfc9g,"dfc9g. Often didn't feel OK unless you had something to drink or used a drug, ha",1,2016-2017..2016-2017,False
dfc9h,dfc9h,"dfc9h. Thought about reducing (cutting down) or stopping use, have you...",1,2016-2017..2016-2017,False
dfc9i,dfc9i,"dfc9i. Told yourself you were not going to use but found yourself using anyway,",1,2016-2017..2016-2017,False
dfc9j,dfc9j,"dfc9j. Spoke with someone about reducing or stopping use, have you...",1,2016-2017..2016-2017,False
dfc9k,dfc9k,"dfc9k. Attended counseling, a program, or group to help you reduce or stop use,",1,2016-2017..2016-2017,False
dfc9l,dfc9l,"dfc9l. I use alcohol or drugs but have not experienced any of these things, have",1,2016-2017..2016-2017,False
dist,dist,district,1,2010-2011..2010-2011,False
dist2,dist2,(unlabeled),1,2010-2011..2010-2011,False
dist3,dist3,(unlabeled),1,2010-2011..2010-2011,False
distl,distl,(unlabeled),1,2010-2011..2010-2011,False
distns,distns,(unlabeled),1,2010-2011..2010-2011,False
disto,disto,(unlabeled),1,2010-2011..2010-2011,False
distress,distress_true,Social Emotional Distress - % 'Pretty much true' or 'Very much true',3,2021-2022..2023-2024,False
district,district,District name,13,2011-2012..2023-2024,False
dists,dists,(unlabeled),1,2010-2011..2010-2011,False
dup,dup,(unlabeled),1,2010-2011..2010-2011,False
dupies,dupies,(unlabeled),1,2010-2011..2010-2011,False
e1,e1,e1. Exercise or do a physical activity for at least 20 minutes that made you swe,14,2010-2011..2023-2024,True
e10,e10,e10. Has a doctor ever told you or your parent/guardian that you have asthma?,14,2010-2011..2023-2024,True
e11,e11,e11. Which of the following are you trying to do about your weight?,14,2010-2011..2023-2024,True
e12,e12,"e12. Exercise - Past 30 days, did you do any of the following things to lose wei",14,2010-2011..2023-2024,True
e13,e13,"e13. Eat less food, fewer calories, or foods low in fat - Past 30 days, did you",14,2010-2011..2023-2024,True
e14,e14,"e14. Go without eating for 24 hours or more - Past 30 days, did you do any of th",14,2010-2011..2023-2024,True
e15,e15,"e15. Take any diet pills, powders, or liquids without a doctor's advice - Past 3",14,2010-2011..2023-2024,True
e16,e16,"e16. Vomit or take laxatives - Past 30 days, did you do any of the following thi",14,2010-2011..2023-2024,True
e17,e17,e17. How do you describe your weight?,14,2010-2011..2023-2024,True
e18,e18,"e18. On an average school day, how many hours do you watch TV or play video game",14,2010-2011..2023-2024,True
e19,e19,"e19. Past 12 months, on how many sports teams did you play?",14,2010-2011..2023-2024,True
e2,e2,e2. Participate in a physical activity for at least 30 minutes that did not make,14,2010-2011..2023-2024,True
e20,e20,e20. How often do you wear a seat belt riding in a car driven by someone else?,14,2010-2011..2023-2024,True
e21,e21,"e21. Past 12 months, how often did you wear a helmet when you rode a bicycle, sk",14,2010-2011..2023-2024,True
e22,e22,"e22. In an average week, on how many days do you have physical activity in your",14,2010-2011..2023-2024,True
e23,e23,"e23. During an average physical education (P.E.) class, how many minutes do you",14,2010-2011..2023-2024,True
e24,e24,"e24. Past 12 months, did you have a regular check up with a doctor when you were",14,2010-2011..2023-2024,True
e25,e25,"e25. Past 12 months, did you visit a dentist for an examination, teeth cleaning,",14,2010-2011..2023-2024,True
e26,e26,"e26. Past 7 days, how many days did you take a vitamin?",13,2010-2011..2023-2024,True
e26_e25,e26_e25,"e26_e25. Past 12 months, have you had an episode of asthma or an asthma attack?",1,2020-2021..2020-2021,False
e27,e27,e27. Have you ever been taught about AIDS or HIV infection at school?,13,2010-2011..2023-2024,True
e27_e26,e27_e26,"e27_e26. Past 12 months, have you ever had a cough, chest tightness, trouble bre",1,2020-2021..2020-2021,False
e28_e27,e28_e27,"e28_e27. Past 12 months, have you had an episode of asthma or an asthma attack?",14,2010-2011..2023-2024,True
e29_e28,e29_e28,"e29_e28. Past 12 months, have you ever had a cough, chest tightness, trouble bre",14,2010-2011..2023-2024,True
e3,e3,e3. Do exercises to strengthen or tone your muscles? - On how many of the past 7,14,2010-2011..2023-2024,True
e30_e29,e30_e29,"e30_e29. Past 12 months, have you been to the emergency room or stayed overnight",14,2010-2011..2023-2024,True
e31_e30,e31_e30,"e31_e30. Past 12 months, have you used a medicine (an inhaler, puffer, or a brea",14,2010-2011..2023-2024,True
e32_e31,e32_e31,"e32_e31. Past 30 days, about how many days each week have you had a cough, chest",13,2010-2011..2023-2024,True
e33_e32,e33_e32,"e33_e32. Past 30 days, about how many nights did you wake up because of a cough,",13,2010-2011..2023-2024,True
e4,e4,"e4. Drink milk or eat yogurt? - Past 24 hours, how many times did you...",14,2010-2011..2023-2024,True
e5,e5,"e5. Drink soda pop? - Past 24 hours, how many times did you...",14,2010-2011..2023-2024,True
e6,e6,"e6. Drink 100% fruit juices, such as orange, apple, or grape? - Past 24 hours, h",14,2010-2011..2023-2024,True
e7,e7,"e7. Eat french fries, potato chips, or other fried potatoes? - Past 24 hours, ho",14,2010-2011..2023-2024,True
e8,e8,"e8. Eat fruit? - Past 24 hours, how many times did you...",14,2010-2011..2023-2024,True
e9,e9,"e9. Eat vegetables? - Past 24 hours, how many times did you...",14,2010-2011..2023-2024,True
edugoals,edugoals,Educational goals,4,2016-2017..2019-2020,False
edugoals,edugoals_hi,High educational goals,1,2016-2017..2016-2017,False
edugoals,edugoals_true,Educational goals - % 'Pretty much true' or 'Very much true',6,2018-2019..2023-2024,False
edugoals,edugoals_vmtrue,Educational goals - % reporting 'Very much true',1,2017-2018..2017-2018,False
edugoals,edugoalsc,Educational goals and aspirations category,4,2016-2017..2019-2020,False
efficacy,efficacy,Self-efficacy,6,2014-2015..2019-2020,False
efficacy,efficacy_hi,High self-efficacy,3,2014-2015..2016-2017,False
efficacy,efficacy_true,Self-efficacy - % 'Pretty much true' or 'Very much true',6,2018-2019..2023-2024,False
efficacy,efficacy_vmtrue,Self-efficacy - % reporting 'Very much true',1,2017-2018..2017-2018,False
efficacy,efficacyc,Self-efficacy category,6,2014-2015..2019-2020,False
emotcompet,emotcompet,Emotional competence (SEHM),2,2016-2017..2019-2020,False
emotcompet,emotcompet_hi,High emotional competence (SEHM),1,2016-2017..2016-2017,False
emotcompet,emotcompet_true,Emotional competence - % 'Pretty much true' or 'Very much true' (SEHM),5,2019-2020..2023-2024,False
emotcompet,emotcompetc,Emotional competence category (SEHM),2,2016-2017..2019-2020,False
empathy,empathy,Empathy,6,2014-2015..2019-2020,False
empathy,empathy_hi,High empathy,3,2014-2015..2016-2017,False
empathy,empathy_true,Empathy - % 'Pretty much true' or 'Very much true',6,2018-2019..2023-2024,False
empathy,empathy_vmtrue,Empathy - % reporting 'Very much true',1,2017-2018..2017-2018,False
empathy,empathyc,Empathy category,6,2014-2015..2019-2020,False
engprof,engprof,English proficiency scale,5,2016-2017..2020-2021,False
engprof,engprofc,English proficiency status,5,2016-2017..2020-2021,False
engprof_noneng,engprof_noneng,English proficiency scale among students speaking a language other than English,8,2016-2017..2023-2024,False
engprofc_noneng,engprofc_noneng,English proficiency status among students speaking a language other than English,8,2016-2017..2023-2024,False
eth,eth,ethnic group,1,2010-2011..2010-2011,False
exagaod,exagaod,daily drug use count (no redundant),1,2010-2011..2010-2011,False
extern,extern,total external assets,3,2010-2011..2012-2013,False
external,external,"Total Environmental Assets (External assets) - school, community, peer and home",6,2014-2015..2019-2020,True
external,external_hi,"High external assests - school, community, peer and home",3,2014-2015..2016-2017,False
external,external_true,"High Total Environmental Assets - school, community, peer and home - % 'Very muc",6,2018-2019..2023-2024,False
external,external_vmtrue,"High external assests - school, community, peer and home - % 'Very much true'",1,2017-2018..2017-2018,False
external,externalc,"Total Environmental Assets (External assets) - school, community, peer and home",6,2014-2015..2019-2020,True
f1,f1,f1. about what percent of students in your school grade do you think have ever,3,2010-2011..2012-2013,False
f10,f10,f10. how likely is it that you will choose to have sexual intercourse one or mo,3,2010-2011..2012-2013,False
f11,f11,f11. have you ever had sexual intercourse?,3,2010-2011..2012-2013,False
f12,f12,f12. how old were you when you had sexual intercourse for the first time?,3,2010-2011..2012-2013,False
f13,f13,"f13. during your life, with how many people have you had sexual intercourse?",3,2010-2011..2012-2013,False
f14,f14,"f14. during the last three months, with how many people did you have sexual int",3,2010-2011..2012-2013,False
f15,f15,f15. did you drink alcohol or use drugs before you had sexual intercourse the l,3,2010-2011..2012-2013,False
f16_f13,f16_f13,"f16/f13. last time you had sexual intercourse, did you or your partner use a co",3,2010-2011..2012-2013,False
f17,f17,"f17. last time you had sexual intercourse, what 1 method did you/your partner u",3,2010-2011..2012-2013,False
f18,f18,f18. how many times have you been pregnant or gotten someone pregnant?,3,2010-2011..2012-2013,False
f19_f14,f19_f14,f19/f14. have you been forced to have sexual intercourse against your will?,3,2010-2011..2012-2013,False
f2,f2,"f2. for teens my age, not having sexual intercourse is a better choice than hav",3,2010-2011..2012-2013,False
f3,f3,"f3. for some teens under 18 years old, it is a good decision to have a baby.",3,2010-2011..2012-2013,False
f4,f4,"f4. 6 months, what do your parents think about teenagers  having sex?",3,2010-2011..2012-2013,False
f5,f5,"f5. 6 months, your questions about sex, talked to your parents or other adults",3,2010-2011..2012-2013,False
f6,f6,"f6. 6 months, talked to your parents/other adults in family about reasons shoul",3,2010-2011..2012-2013,False
f7,f7,"f7. 6 months, talk parents/family adults how your life would change if you beca",3,2010-2011..2012-2013,False
f8,f8,"f8. 6 months, birth control, have you talked to your parents or other adults in",3,2010-2011..2012-2013,False
f9,f9,"f9. 6 months, aids/hiv/other stds, have talked to parents or adults in your fam",3,2010-2011..2012-2013,False
feet,feet,feet,1,2010-2011..2010-2011,False
feet1,feet1,(unlabeled),1,2010-2011..2010-2011,False
form,form,which form (0-9),1,2010-2011..2010-2011,False
formnum,formnum,Form ID number,5,2010-2011..2014-2015,True
formtype,formtype,questionnaire form,1,2010-2011..2010-2011,False
gh1,gh1,gh1. My school is safe for guys who are not as 'masculine' as other guys.,9,2015-2016..2023-2024,False
gh10,gh10,"gh10. Past 12 month, harassed/bullied because you have LGBTQ friends or because",9,2015-2016..2023-2024,False
gh11,gh11,gh11. Does your school have support groups or clubs for students who are LGBTQ a,9,2015-2016..2023-2024,False
gh12,gh12,gh12. Do you learn about LGBTQ people or issues in your classes at school?,9,2015-2016..2023-2024,True
gh13,gh13,gh13. If you wanted information and support from your school about sexual orient,9,2015-2016..2023-2024,False
gh14,gh14,gh14. A school counselor or school psychologist? - If you wanted information and,9,2015-2016..2023-2024,True
gh15,gh15,gh15. A teacher? - If you wanted information and support about sexual orientatio,9,2015-2016..2023-2024,True
gh16,gh16,gh16. A school principal or assistant principal? - If you wanted information and,9,2015-2016..2023-2024,True
gh17,gh17,"gh17. Others adults at school (e.g., the school custodian, hallway monitor, or p",9,2015-2016..2023-2024,False
gh18,gh18,gh18. A friend at your school? - If you wanted information and support about sex,9,2015-2016..2023-2024,True
gh19,gh19,gh19. A sibling? - If you wanted information and support about sexual orientatio,9,2015-2016..2023-2024,True
gh2,gh2,gh2. My school is safe for girls who are not as 'feminine' as other girls.,9,2015-2016..2023-2024,False
gh20,gh20,gh20. Your parent or guardian? - If you wanted information and support about sex,9,2015-2016..2023-2024,True
gh21,gh21,gh21. A friend's parent or other adult not at school? - If you wanted informatio,9,2015-2016..2023-2024,True
gh22,gh22,"gh22. Sexual orientation (lesbian, gay, bisexual, asexual, straight, etc.) - Sch",9,2015-2016..2023-2024,True
gh23,gh23,"gh23. Gender identity or expression (transgender, non-binary, agender, not being",9,2015-2016..2023-2024,True
gh24,gh24,gh24. Sex (male or female)? - How often do you hear other students make negative,9,2015-2016..2023-2024,True
gh25,gh25,"gh25. Sexual orientation (lesbian, gay, bisexual, asexual, straight, etc)? - How",9,2015-2016..2023-2024,True
gh26,gh26,"gh26. Gender identity or expression (transgender, non-binary, agender, not being",9,2015-2016..2023-2024,True
gh27,gh27,gh27. Having LGBTQ parents or family members? - How often do you hear other stud,9,2015-2016..2023-2024,True
gh28,gh28,gh28. Having LGBTQ friends? - How often do you hear other students make negative,9,2015-2016..2023-2024,True
gh29,gh29,gh29. Sex (male or female)? - How often do you see or hear other students STOP O,9,2015-2016..2023-2024,True
gh3,gh3,"gh3. My school is safe for students who are lesbian, gay, bisexual, transgender,",9,2015-2016..2023-2024,False
gh30,gh30,"gh30. Sexual orientation (lesbian, gay, bisexual, asexual, straight, etc.)? - Ho",9,2015-2016..2023-2024,True
gh31,gh31,"gh31. Gender identity or expression (transgender, non-binary, agender, not being",9,2015-2016..2023-2024,True
gh32,gh32,gh32. Having LGBTQ parents or family members? - How often do you see or hear oth,9,2015-2016..2023-2024,True
gh33,gh33,gh33. Having LGBTQ friends? - How often do you see or hear other students STOP O,9,2015-2016..2023-2024,True
gh34,gh34,gh34. Sex (male or female)? - How often do you hear teachers or school staff mak,9,2015-2016..2023-2024,True
gh35,gh35,"gh35. Sexual orientation (lesbian, gay, bisexual, asexual, straight, etc.)? - Ho",9,2015-2016..2023-2024,True
gh36,gh36,"gh36. Gender identity or expression (transgender, non-binary, agender, not being",9,2015-2016..2023-2024,True
gh37,gh37,gh37. Having LGBTQ parents or family members? - How often do you hear teachers o,9,2015-2016..2023-2024,True
gh38,gh38,gh38. Having LGBTQ friends? - How often do you hear teachers or school staff mak,9,2015-2016..2023-2024,True
gh39,gh39,gh39. Sex (male or female)? - How often do you see or hear teachers or school st,9,2015-2016..2023-2024,True
gh4,gh4,gh4. My school is safe for students with LGBTQ parents.,9,2015-2016..2023-2024,False
gh40,gh40,"gh40. Sexual orientation (lesbian, gay, bisexual, asexual, straight, etc.)? - Ho",9,2015-2016..2023-2024,True
gh41,gh41,"gh41. Gender identity or expression (transgender, non-binary, agender, not being",9,2015-2016..2023-2024,True
gh42,gh42,gh42. Having LGBTQ parents or family members? - How often do you see or hear tea,9,2015-2016..2023-2024,True
gh43,gh43,gh43. Having LGBTQ friends? - How often do you see or hear teachers or school st,9,2015-2016..2023-2024,True
gh44,gh44,"gh44. If another student was bullying me, I would tell the principal or assistan",9,2015-2016..2023-2024,True
gh45,gh45,"gh45. If another student was bullying me, I would tell one of the teachers or ot",9,2015-2016..2023-2024,True
gh46,gh46,"gh46. If I tell a teacher that someone is bullying me, the teacher will do somet",9,2015-2016..2023-2024,True
gh47,gh47,gh47. There are adults at this school I could turn to if I had a personal proble,9,2015-2016..2023-2024,True
gh48,gh48,"gh48. What is your current gender identity, even if it is different than the gen",5,2015-2016..2019-2020,True
gh49,gh49,gh49. There are adults at this school I could turn to if I had a personal proble,3,2015-2016..2017-2018,False
gh5,gh5,gh5. My school is safe for teachers and staff who are LGBTQ.,9,2015-2016..2023-2024,False
gh50,gh50,gh50. Students who are bullied or teased mostly deserve it.,3,2015-2016..2017-2018,False
gh51,gh51,gh51. Bullying is sometimes fun to do.,3,2015-2016..2017-2018,False
gh52,gh52,gh52. Which of the following best describes your sexual orientation?,3,2015-2016..2017-2018,False
gh53,gh53,gh53. What is your gender?,3,2015-2016..2017-2018,False
gh6,gh6,gh6. My school is safe for LGBTQ allies (people who are supportive of LGBTQ peop,9,2015-2016..2023-2024,True
gh7,gh7,"gh7. Past 12 months, harassed/bullied because you are lesbian, gay, bisexual, as",9,2015-2016..2023-2024,True
gh8,gh8,"gh8. Past 12 months, harassed/bullied because you aren't as 'masculine' as other",9,2015-2016..2023-2024,True
gh9,gh9,"gh9. Past 12 months, harassed/bullied because you have LGBTQ parents or family m",9,2015-2016..2023-2024,True
goals,goals,Goals and aspirations,6,2014-2015..2019-2020,False
goals,goals_hi,High goals and aspirations,3,2014-2015..2016-2017,False
goals,goals_true,Goals and aspirations - % 'Pretty much true' or 'Very much true',6,2018-2019..2023-2024,False
goals,goals_vmtrue,Goals and aspirations - % reporting 'Very much true',1,2017-2018..2017-2018,False
goals,goalsc,Goals and aspirations category,6,2014-2015..2019-2020,False
grade,grade,"Grade - based on self-report grade, NT school status, and enrollments; mismark r",14,2010-2011..2023-2024,True
grade_orig,grade_orig,Grade - based on self-report grade and NT school status,2,2013-2014..2014-2015,False
gs1,gs1,gs1. Does your school or neighborhood offer interesting activities for people yo,11,2013-2014..2023-2024,False
gs10,gs10,gs10. Are there adults you feel close to who would approve of you becoming a gan,11,2013-2014..2023-2024,False
gs11,gs11,gs11. Are there gang members at your school?,11,2013-2014..2023-2024,False
gs12,gs12,gs12. Are there gang members in your neighborhood?,11,2013-2014..2023-2024,False
gs13,gs13,gs13. How many of your friends are in a gang?,11,2013-2014..2023-2024,False
gs14,gs14,"gs14. Gotten into fights - past 12 months, at your school, have gang members don",11,2013-2014..2023-2024,False
gs15,gs15,"gs15. Provided protection for each other - past 12 months, at your school, have",11,2013-2014..2023-2024,False
gs16,gs16,"gs16. Stolen things or robbed people - past 12 months, at your school, have gang",11,2013-2014..2023-2024,False
gs17,gs17,"gs17. Damaged or destroyed property - past 12 months, at your school, have gang",11,2013-2014..2023-2024,False
gs18,gs18,"gs18. Sold drugs - past 12 months, at your school, have gang members done the fo",11,2013-2014..2023-2024,False
gs19,gs19,"gs19. Carried weapons (gun, knife, club, etc.) - past 12 months, at your school,",11,2013-2014..2023-2024,False
gs2,gs2,gs2. Which of the following are available for people your age to do after school,11,2013-2014..2023-2024,False
gs2,gs2c,gs2c. Clubs - Which of the following are available for people your age to do aft,11,2013-2014..2023-2024,False
gs20,gs20,"gs20. Gotten into fights - past 12 months, in your neighborhood, have gang membe",11,2013-2014..2023-2024,False
gs21,gs21,"gs21. Provided protection for each other - past 12 months, in your neighborhood,",11,2013-2014..2023-2024,False
gs22,gs22,"gs22. Stolen things or robbed people - past 12 months, in your neighborhood, hav",11,2013-2014..2023-2024,False
gs23,gs23,"gs23. Damaged or destroyed property - past 12 months, in your neighborhood, have",11,2013-2014..2023-2024,False
gs24,gs24,"gs24. Helped out in the community - past 12 months, in your neighborhood, have g",11,2013-2014..2023-2024,False
gs25,gs25,"gs25. Sold drugs - past 12 months, in your neighborhood, have gang members done",11,2013-2014..2023-2024,False
gs26,gs26,"gs26. Carried weapons (gun, knife, club, etc.) - past 12 months, in your neighbo",11,2013-2014..2023-2024,False
gs27,gs27,"gs27. Past 12 months, how many times have you been physically hurt or threatened",11,2013-2014..2023-2024,False
gs28,gs28,"gs28. Past 12 months, how many times have you sold drugs to someone?",11,2013-2014..2023-2024,False
gs29,gs29,"gs29. Past 12 months, how many times have you been in a physical fight between g",11,2013-2014..2023-2024,False
gs2a,gs2a,gs2a. Organized sport(s) - Which of the following are available for people your,11,2013-2014..2023-2024,False
gs2b,gs2b,gs2b. Scouting - Which of the following are available for people your age to do,11,2013-2014..2023-2024,False
gs2d,gs2d,gs2d. Afterschool programs at school - Which of the following are available for,11,2013-2014..2023-2024,True
gs2e,gs2e,gs2e. Afterschool programs outside of school - Which of the following are availa,11,2013-2014..2023-2024,True
gs2f,gs2f,"gs2f. Classes or lessons (such as art, music, dance, or theatre) - Which of the",11,2013-2014..2023-2024,False
gs2g,gs2g,gs2g. Religious activities - Which of the following are available for people you,11,2013-2014..2023-2024,False
gs2h,gs2h,gs2h. Tutoring or mentoring - Which of the following are available for people yo,11,2013-2014..2023-2024,False
gs2i,gs2i,gs2i. None of the above - Which of the following are available for people your a,11,2013-2014..2023-2024,False
gs2j,gs2j,gs2j. Other activities - Which of the following are available for people your ag,11,2013-2014..2023-2024,False
gs2k,gs2k,gs2k. Don't know - Which of the following are available for people your age to d,11,2013-2014..2023-2024,False
gs3,gs3,"gs3. If your community was going to provide new activities for people your age,",11,2013-2014..2023-2024,False
gs3,gs3c,"gs3c. Computer, video production, and photography - If your community was going",11,2013-2014..2023-2024,False
gs30,gs30,"gs30. Past 12 months, how many times have you used any weapons to threaten or bu",11,2013-2014..2023-2024,False
gs31,gs31,"gs31. Past 12 months, how many times have you stolen or tried to steal a car or",11,2013-2014..2023-2024,False
gs32,gs32,"gs32. Past 12 months, how many times have you been in trouble with the police?",11,2013-2014..2023-2024,False
gs33,gs33,gs33. Have you ever been a member of a gang?,11,2013-2014..2023-2024,False
gs34,gs34,gs34. How old were you when you first joined a gang?,11,2013-2014..2023-2024,False
gs35,gs35,gs35. What was the main reason why you joined this gang?,11,2013-2014..2023-2024,False
gs36,gs36,gs36. How many members are there in this gang?,11,2013-2014..2023-2024,False
gs37,gs37,"gs37. If you once considered yourself a member of a gang but do not now, what wa",11,2013-2014..2023-2024,False
gs3a,gs3a,gs3a. Organized sports and recreation - If your community was going to provide n,11,2013-2014..2023-2024,False
gs3b,gs3b,"gs3b. Arts, music, dance, and drama - If your community was going to provide new",11,2013-2014..2023-2024,False
gs3d,gs3d,"gs3d. Volunteering to help others, animals, or the environment - If your communi",11,2013-2014..2023-2024,False
gs3e,gs3e,gs3e. Tutors and mentors - If your community was going to provide new activities,11,2013-2014..2023-2024,False
gs3f,gs3f,gs3f. Youth clubs and centers - If your community was going to provide new activ,11,2013-2014..2023-2024,False
gs3g,gs3g,gs3g. Job readiness and work internships - If your community was going to provid,11,2013-2014..2023-2024,False
gs3h,gs3h,gs3h. Counseling - If your community was going to provide new activities for peo,11,2013-2014..2023-2024,False
gs3i,gs3i,gs3i. Alcohol and drug treatment - If your community was going to provide new ac,11,2013-2014..2023-2024,False
gs4,gs4,"gs4. If you wanted to get a gun, how easy would it be for you to get one?",11,2013-2014..2023-2024,False
gs5,gs5,"gs5. Are there adults you feel close to who use illegal drugs (marijuana, cocain",11,2013-2014..2023-2024,False
gs6,gs6,gs6. Are there adults you feel close to who are gang members?,11,2013-2014..2023-2024,False
gs7,gs7,gs7. Are there adults you feel close to who have gotten in trouble with the poli,11,2013-2014..2023-2024,False
gs8,gs8,gs8. Are there adults you feel close to who sell or deal drugs?,11,2013-2014..2023-2024,False
gs9,gs9,gs9. Are there adults you feel close to who would approve of you hanging out wit,11,2013-2014..2023-2024,False
h1,h1,h1.  how safe do you feel in the neighborhood where you live?,3,2010-2011..2012-2013,False
h2,h2,h2.  where do you usually go right after school?,3,2010-2011..2012-2013,False
h3,h3,h3. what do you usually do after school is over?,3,2010-2011..2012-2013,False
h3,h3c,h3c.  take private classes or lessons,3,2010-2011..2012-2013,False
h3a,h3a,h3a.  do your schoolwork,3,2010-2011..2012-2013,False
h3b,h3b,h3b.  get help with schoolwork from an adult,3,2010-2011..2012-2013,False
h3d,h3d,h3d.  play or practice a sport,3,2010-2011..2012-2013,False
h3e,h3e,h3e.  hang out with friends,3,2010-2011..2012-2013,False
h3f,h3f,h3f.  watch tv or play video games,3,2010-2011..2012-2013,False
h3g,h3g,h3g.  do religious activities or get religious instruction,3,2010-2011..2012-2013,False
h3h,h3h,h3h.  work at a job,3,2010-2011..2012-2013,False
h3i,h3i,h3i.  other,3,2010-2011..2012-2013,False
h3j,h3j,(unlabeled),1,2010-2011..2010-2011,False
h3k,h3k,(unlabeled),1,2010-2011..2010-2011,False
h4,h4,h4. please mark whether you agree with the following statements,3,2010-2011..2012-2013,False
h4,h4c,h4c.  i wish my school had an after-school program,3,2010-2011..2012-2013,False
h4a,h4a,h4a.  my school doesn't have an after-school program,3,2010-2011..2012-2013,False
h4b,h4b,h4b.  i don,3,2010-2011..2012-2013,False
h4d,h4d,h4d.  i don't know much about the after-school program,3,2010-2011..2012-2013,False
h4e,h4e,h5e.  it has activities that we usually don't have during the day,3,2010-2011..2012-2013,False
h4f,h4f,h4f.  the after-school program doesn't interest me,3,2010-2011..2012-2013,False
h4g,h4g,h4g.  it is a safe place to be after school,3,2010-2011..2012-2013,False
h4h,h4h,h4h.  it helps you with schoolwork,3,2010-2011..2012-2013,False
h4i,h4i,"h4j.  i do not attend, but would like to",3,2010-2011..2012-2013,False
h4j,h4j,h4j.,2,2010-2011..2011-2012,True
h4k,h4k,h4k.,2,2010-2011..2011-2012,True
h5,h5,"h5.  in a normal school week, how many days do you usually go to your school's",3,2010-2011..2012-2013,False
hall,hall,Home Environment,6,2014-2015..2019-2020,False
hall,hall_hi,High home Environment,3,2014-2015..2016-2017,False
hall,hall_true,Home Environment - % 'Pretty much true' or 'Very much true',6,2018-2019..2023-2024,False
hall,hall_vmtrue,Home Environment - % reporting 'Very much true',1,2017-2018..2017-2018,False
hall,hallc,Home Environment category,6,2014-2015..2019-2020,False
hcare,hcare,Caring relationships - adults in home,6,2014-2015..2019-2020,False
hcare,hcare_hi,High caring relationships - adults in home,3,2014-2015..2016-2017,False
hcare,hcare_true,Caring relationships - adults in home - % 'Pretty much true' or 'Very much true',6,2018-2019..2023-2024,False
hcare,hcare_vmtrue,Caring relationships - adults in home - % reporting 'Very much true',1,2017-2018..2017-2018,False
hcare,hcarec,Caring relationships category - adults in home,6,2014-2015..2019-2020,False
height,height,Height,3,2010-2011..2012-2013,True
height_inch,height_inch,height_inch. Height in inches,11,2013-2014..2023-2024,True
hhigh,hhigh,High expectations - adults in home,6,2014-2015..2019-2020,False
hhigh,hhigh_hi,High high expectations - adults in home,3,2014-2015..2016-2017,False
hhigh,hhigh_true,High expectations - adults in home - % 'Pretty much true' or 'Very much true',6,2018-2019..2023-2024,False
hhigh,hhigh_vmtrue,High expectations - adults in home - % reporting 'Very much true',1,2017-2018..2017-2018,False
hhigh,hhighc,High expectations category - adults in home,6,2014-2015..2019-2020,False
hiexp,hiexp,high expectations,3,2010-2011..2012-2013,False
high,high,Total high expectations,6,2014-2015..2019-2020,False
high,high_hi,High total high expectations,3,2014-2015..2016-2017,False
high,high_true,Total high expectations - % 'Pretty much true' or 'Very much true',6,2018-2019..2023-2024,False
high,high_vmtrue,Total high expectations - % reporting 'Very much true',1,2017-2018..2017-2018,False
high,highc,Total high expectations category,6,2014-2015..2019-2020,False
hmean,hmean,Meaningful participation - adults in home,6,2014-2015..2019-2020,False
hmean,hmean_hi,High meaningful participation - adults in home,3,2014-2015..2016-2017,False
hmean,hmean_true,Meaningful participation - adults in home - % 'Pretty much true' or 'Very much t,6,2018-2019..2023-2024,False
hmean,hmean_vmtrue,Meaningful participation - adults in home - % reporting 'Very much true',1,2017-2018..2017-2018,False
hmean,hmeanc,Meaningful participation category - adults in home,6,2014-2015..2019-2020,False
honest,honest,(unlabeled),1,2010-2011..2010-2011,False
ht_feet,ht_feet,ht_feet. Number of feet - How tall are you without your shoes on?,11,2013-2014..2023-2024,True
ht_inch,ht_inch,ht_inch. Number of inch - How tall are you without your shoes on?,11,2013-2014..2023-2024,True
ht_recoded_ft,ht_recoded_ft,Recoded data on height in feet,1,2013-2014..2013-2014,False
ht_recoded_in,ht_recoded_in,Recoded data on height in inch,1,2013-2014..2013-2014,False
ht_text,ht_text,Text data on height,1,2013-2014..2013-2014,False
i1,i1,(unlabeled),1,2010-2011..2010-2011,False
i2,i2,(unlabeled),1,2010-2011..2010-2011,False
i3,i3,(unlabeled),1,2010-2011..2010-2011,False
i4,i4,(unlabeled),1,2010-2011..2010-2011,False
i5,i5,(unlabeled),1,2010-2011..2010-2011,False
i6,i6,(unlabeled),1,2010-2011..2010-2011,False
i7,i7,(unlabeled),1,2010-2011..2010-2011,False
i8,i8,(unlabeled),1,2010-2011..2010-2011,False
i9,i9,(unlabeled),1,2010-2011..2010-2011,False
inch,inch,inch,1,2010-2011..2010-2011,False
incon,incon,(unlabeled),1,2010-2011..2010-2011,False
internal,internal,Internal assets,6,2014-2015..2019-2020,False
internal,internal_hi,High internal assets,3,2014-2015..2016-2017,False
internal,internal_true,Internal assets - % 'Pretty much true' or 'Very much true',6,2018-2019..2023-2024,False
internal,internal_vmtrue,Internal assets - % reporting 'Very much true',1,2017-2018..2017-2018,False
internal,internalc,Internal assets category,6,2014-2015..2019-2020,False
ka,ka,(unlabeled),1,2010-2011..2010-2011,False
keep,keep,(unlabeled),1,2010-2011..2010-2011,False
lahonda,lahonda,(unlabeled),1,2010-2011..2010-2011,False
language,language,Survey language,11,2013-2014..2023-2024,True
lausdsamp_chks,lausdsamp_chks,LAUSD schools for CHKS sample,2,2016-2017..2018-2019,False
lc1,lc1,lc1. Adults at this school treat all students with respect. - How strongly do yo,1,2023-2024..2023-2024,False
lc10,lc10,lc10. Adults in this school respect differences in students. - How strongly do y,1,2023-2024..2023-2024,False
lc11,lc11,lc11. Students in this school respect each other's differences. - How strongly d,1,2023-2024..2023-2024,False
lc12,lc12,lc12. Teachers show that it is important for students of different races and cul,1,2023-2024..2023-2024,False
lc13,lc13,lc13. This school is a supportive and inviting place for students to learn. - Ho,1,2023-2024..2023-2024,False
lc14,lc14,lc14. Teachers help students catch up on schoolwork when they return from an abs,1,2023-2024..2023-2024,False
lc15,lc15,lc15. This school encourages students to understand how others think and feel. -,1,2023-2024..2023-2024,False
lc16,lc16,lc16. This school helps students resolve conflicts with one another. - How stron,1,2023-2024..2023-2024,False
lc17,lc17,"lc17. When there is a conflict between people, this school tries to make sure al",1,2023-2024..2023-2024,False
lc18,lc18,lc18. At my school there is a teacher or other adult who would understand my pro,1,2023-2024..2023-2024,False
lc19,lc19,lc19. At my school there is a teacher or other adult who would be helpful to me,1,2023-2024..2023-2024,False
lc2,lc2,lc2. Students treat teachers with respect. - How strongly do you agree or disagr,1,2023-2024..2023-2024,False
lc20,lc20,lc20. At my school there is a teacher or other adult who makes me feel good abou,1,2023-2024..2023-2024,False
lc21,lc21,lc21. At my school there is a teacher or other adult who I can count on to help,1,2023-2024..2023-2024,False
lc22,lc22,lc22. At my school there is a teacher or other adult who would be helpful to me,1,2023-2024..2023-2024,False
lc23,lc23,lc23. I feel like I am a part of my neighborhood. - How strongly do you agree or,1,2023-2024..2023-2024,False
lc24,lc24,lc24. I feel close to people in my neighborhood. - How strongly do you agree or,1,2023-2024..2023-2024,False
lc25,lc25,lc25. I am happy to live in my neighborhood. - How strongly do you agree or disa,1,2023-2024..2023-2024,False
lc26,lc26,lc26. I feel safe in my neighborhood. - How strongly do you agree or disagree wi,1,2023-2024..2023-2024,False
lc27,lc27,lc27. The police in my neighborhood are helping to reduce crime and improve safe,1,2023-2024..2023-2024,False
lc28,lc28,"lc28. During the past 30 days, on how many days did you not go to school because",1,2023-2024..2023-2024,False
lc29,lc29,"lc29. I have participated in groups or organizational activities like clubs, spo",1,2023-2024..2023-2024,False
lc3,lc3,lc3. The school rules are fair. - How strongly do you agree or disagree with the,1,2023-2024..2023-2024,False
lc30,lc30,lc30. I have participated in community efforts to create positive change (for ex,1,2023-2024..2023-2024,False
lc4,lc4,lc4. All students are treated fairly when they break school rules. - How strongl,1,2023-2024..2023-2024,False
lc5,lc5,lc5. The rules at this school are too strict. - How strongly do you agree or dis,1,2023-2024..2023-2024,False
lc6,lc6,lc6. It is easy for students to get kicked out of class or suspended. - How stro,1,2023-2024..2023-2024,False
lc7,lc7,lc7. Students get in trouble for breaking small rules. - How strongly do you agr,1,2023-2024..2023-2024,False
lc8,lc8,"lc8. I have been disrespected by an adult at this school because of my race, eth",1,2023-2024..2023-2024,False
lc9,lc9,"lc9. There is a lot of tension between people of different cultures, races, or e",1,2023-2024..2023-2024,False
lfh1,lfh1,lfh1. What grade are you in?,2,2019-2020..2020-2021,False
lfh10,lfh10,"lfh10. Use an online video chatting app to talk to your friends? (FaceTime, Hous",2,2019-2020..2020-2021,False
lfh11,lfh11,"lfh11. Over that past 7 days, how many hours did you do schoolwork from home on",2,2019-2020..2020-2021,False
lfh12,lfh12,lfh12. What time did you start your schoolwork from home today?,2,2019-2020..2020-2021,False
lfh13,lfh13,lfh13. Who really cares about me. - There is a teacher or some other adult from,2,2019-2020..2020-2021,False
lfh14,lfh14,lfh14. Who tells me when I do a good job. - There is a teacher or some other adu,2,2019-2020..2020-2021,False
lfh15,lfh15,lfh15. Who provides me with interesting activities to do while I am learning fro,2,2019-2020..2020-2021,False
lfh16,lfh16,lfh16. Who always wants me to do my best. - There is a teacher or some other adu,2,2019-2020..2020-2021,False
lfh17,lfh17,lfh17. Who checks on how I am doing. - There is a teacher or some other adult fr,2,2019-2020..2020-2021,False
lfh18,lfh18,lfh18. Who believes that I will be a success. - There is a teacher or some other,2,2019-2020..2020-2021,False
lfh19,lfh19,"lfh19. Spread mean rumors or lies, or hurtful pictures, about you online, on soc",2,2019-2020..2020-2021,False
lfh2,lfh2,lfh2. What is your gender?,2,2019-2020..2020-2021,False
lfh20,lfh20,lfh20. It is hard for me to stay focused when doing my schoolwork from home. - H,2,2019-2020..2020-2021,False
lfh21,lfh21,lfh21. I am interested in the schoolwork I do from home. - How strongly do you a,2,2019-2020..2020-2021,False
lfh22,lfh22,lfh22. I try hard to make sure that I am good at my schoolwork that I do from ho,2,2019-2020..2020-2021,False
lfh23,lfh23,lfh23. I try hard on my schoolwork because I am interested in it. - How strongly,2,2019-2020..2020-2021,False
lfh24,lfh24,lfh24. I work hard to try to understand new things when doing my school assignme,2,2019-2020..2020-2021,False
lfh25,lfh25,lfh25. I am always trying to do better in my schoolwork that I do from home. - H,2,2019-2020..2020-2021,False
lfh26,lfh26,lfh26. Exercise or do a physical activity for at least 20 minutes that made you,2,2019-2020..2020-2021,False
lfh27,lfh27,lfh27. Participate in a physical activity for at least 30 minutes that did not m,2,2019-2020..2020-2021,False
lfh28,lfh28,"lfh28. I had a hard time breathing because I was anxious. - Over the past month,",2,2019-2020..2020-2021,False
lfh29,lfh29,"lfh29. I was tense and uptight. - Over the past month, how true do you feel thes",2,2019-2020..2020-2021,False
lfh3,lfh3,lfh3. What is your race or ethnicity? (Mark all that apply.),2,2019-2020..2020-2021,False
lfh3,lfh3c,lfh3c. Black or African American- What is your race or ethnicity? (Mark all that,2,2019-2020..2020-2021,False
lfh30,lfh30,"lfh30. I had a hard time relaxing. - Over the past month, how true do you feel t",2,2019-2020..2020-2021,False
lfh31,lfh31,"lfh31. I felt sad and down. - Over the past month, how true do you feel these st",2,2019-2020..2020-2021,False
lfh32,lfh32,"lfh32. I was easily irritated. - Over the past month, how true do you feel these",2,2019-2020..2020-2021,False
lfh33,lfh33,lfh33. It was hard for me to cope and I thought I would panic. - Over the past m,2,2019-2020..2020-2021,False
lfh34,lfh34,"lfh34. It was hard for me to get excited about anything. - Over the past month,",2,2019-2020..2020-2021,False
lfh35,lfh35,"lfh35. I was easily annoyed and sensitive. - Over the past month, how true do yo",2,2019-2020..2020-2021,False
lfh36,lfh36,lfh36. I can work out my problems. - Please tell us how true each statement is o,2,2019-2020..2020-2021,False
lfh37,lfh37,lfh37. I can do most things if I try. - Please tell us how true each statement i,2,2019-2020..2020-2021,False
lfh38,lfh38,lfh38. There are many things that I do well. - Please tell us how true each stat,2,2019-2020..2020-2021,False
lfh39,lfh39,lfh39. I understand my moods and feelings. - Please tell us how true each statem,2,2019-2020..2020-2021,False
lfh3a,lfh3a,lfh3a. American Indian or Alaska Native - What is your race or ethnicity? (Mark,2,2019-2020..2020-2021,False
lfh3b,lfh3b,lfh3b. Asian- What is your race or ethnicity? (Mark all that apply.),2,2019-2020..2020-2021,False
lfh3d,lfh3d,lfh3d. Hispanic/Latinx - What is your race or ethnicity? (Mark all that apply.),2,2019-2020..2020-2021,False
lfh3e,lfh3e,lfh3e. Native Hawaiian or Pacific Islander - What is your race or ethnicity? (Ma,2,2019-2020..2020-2021,False
lfh3f,lfh3f,lfh3f. White - What is your race or ethnicity? (Mark all that apply.),2,2019-2020..2020-2021,False
lfh3g,lfh3g,lfh3g. Other - What is your race or ethnicity? (Mark all that apply.),2,2019-2020..2020-2021,False
lfh4,lfh4,"lfh4. Before your school was closed, did you receive free or reduced-price lunch",2,2019-2020..2020-2021,False
lfh40,lfh40,lfh40. I understand why I do what I do. - Please tell us how true each statement,2,2019-2020..2020-2021,False
lfh41,lfh41,lfh41. When I need help I find someone to talk with. - Please tell us how true e,2,2019-2020..2020-2021,False
lfh42,lfh42,lfh42. Each day I look forward to having a lot of fun. - Please tell us how true,2,2019-2020..2020-2021,False
lfh43,lfh43,lfh43. I usually expect to have a good day. - Please tell us how true each state,2,2019-2020..2020-2021,False
lfh44,lfh44,"lfh44. Overall, I expect more good things to happen to me than bad things. - Ple",2,2019-2020..2020-2021,False
lfh45,lfh45,lfh45. I try to work out my problems by talking or writing about them. - Please,2,2019-2020..2020-2021,False
lfh46,lfh46,lfh46. I trust my ability to solve difficult problems. - Please tell us how true,2,2019-2020..2020-2021,False
lfh47,lfh47,lfh47. On most days I feel GRATEFUL. - Please tell us how true each statement is,2,2019-2020..2020-2021,False
lfh48,lfh48,lfh48. On most days I feel THANKFUL. - Please tell us how true each statement is,2,2019-2020..2020-2021,False
lfh49,lfh49,lfh49. On most days I feel APPRECIATIVE. - Please tell us how true each statemen,2,2019-2020..2020-2021,False
lfh5,lfh5,lfh5. What time did you go to bed last night?,2,2019-2020..2020-2021,False
lfh50,lfh50,lfh50. There is an adult who really cares about me (family and friends). - How t,2,2019-2020..2020-2021,False
lfh51,lfh51,lfh51. There is an adult who talks with me about my problems (family and friends,2,2019-2020..2020-2021,False
lfh52,lfh52,lfh52. There is an adult who helps me when I am having a hard time (family and f,2,2019-2020..2020-2021,False
lfh53,lfh53,lfh53. I have a friend my age who really cares about me. - How true do you feel,2,2019-2020..2020-2021,False
lfh54,lfh54,lfh54. I have a friend my age who talks with me about my problems. - How true do,2,2019-2020..2020-2021,False
lfh55,lfh55,lfh55. I have a friend my age who helps me when I am having a hard time. - How t,2,2019-2020..2020-2021,False
lfh6,lfh6,lfh6. What time did you wake up this morning?,2,2019-2020..2020-2021,False
lfh7,lfh7,lfh7. Did you eat a meal after you woke up?,2,2019-2020..2020-2021,False
lfh8,lfh8,lfh8. Work on schoolwork from home? - On how many of the past 7 days did you...,2,2019-2020..2020-2021,False
lfh9,lfh9,lfh9. Participate in a school class using an online video chatting app that allo,2,2019-2020..2020-2021,False
lfhadultsprt,lfhadultsprt,Adult Supports (LFHM),1,2019-2020..2019-2020,False
lfhadultsprt,lfhadultsprt_true,Adult Supports - % 'Pretty much true' or 'Very much true' (LFHM),2,2019-2020..2020-2021,False
lfhamotiv,lfhamotiv,Academic Motivation (LFHM),1,2019-2020..2019-2020,False
lfhamotiv,lfhamotiv_agree,Academic Motivation - % 'Agree' or 'Strongly agree'  (LFHM),2,2019-2020..2020-2021,False
lfhaware,lfhaware,Self Awareness (LFHM),1,2019-2020..2019-2020,False
lfhaware,lfhaware_true,Self Awareness - % 'Pretty much true' or 'Very much true' (LFHM),2,2019-2020..2020-2021,False
lfhcare,lfhcare,Caring Relationships (LFHM),1,2019-2020..2019-2020,False
lfhcare,lfhcare_true,Caring Relationships - % 'Pretty much true' or 'Very much true' (LFHM),2,2019-2020..2020-2021,False
lfhdistress,lfhdistress,Social Emotional Distress (LFHM),1,2019-2020..2019-2020,False
lfhdistress,lfhdistress_true,Social Emotional Distress - % 'Pretty much true' or 'Very much true' (LFHM),2,2019-2020..2020-2021,False
lfhefficacy,lfhefficacy,Self-Efficacy (LFHM),1,2019-2020..2019-2020,False
lfhefficacy,lfhefficacy_true,Self-Efficacy - % 'Pretty much true' or 'Very much true' (LFHM),2,2019-2020..2020-2021,False
lfhgratitude,lfhgratitude,Gratitude (LFHM),1,2019-2020..2019-2020,False
lfhgratitude,lfhgratitude_true,Gratitude - % 'Pretty much true' or 'Very much true' (LFHM),2,2019-2020..2020-2021,False
lfhoptimism,lfhoptimism,Optimism (LFHM),1,2019-2020..2019-2020,False
lfhoptimism,lfhoptimism_true,Optimism - % 'Pretty much true' or 'Very much true' (LFHM),2,2019-2020..2020-2021,False
lfhprobsolve,lfhprobsolve,Problem Solving (LFHM),1,2019-2020..2019-2020,False
lfhprobsolve,lfhprobsolve_true,Problem Solving - % 'Pretty much true' or 'Very much true' (LFHM),2,2019-2020..2020-2021,False
lfhpsuprt,lfhpsuprt,Peer Supports (LFHM),1,2019-2020..2019-2020,False
lfhpsuprt,lfhpsuprt_true,Peer Supports - % 'Pretty much true' or 'Very much true' (LFHM),2,2019-2020..2020-2021,False
lowvictimiz_none,lowvictimiz_none,Low school violence victimization - average reporting '0 times',4,2020-2021..2023-2024,False
ma102,ma102,"ma102. in a normal school week, how many days are you home after school for at",3,2010-2011..2012-2013,False
ma106,ma106,"ma106. In a normal week, how many days are you home after school for at least on",1,2022-2023..2022-2023,False
ma109,ma109,"ma109. In a normal week, how many days are you home after school for at least on",1,2023-2024..2023-2024,False
ma113,ma113,"ma113. In a normal week, how many days are you home after school for at least on",1,2021-2022..2021-2022,False
ma114,ma114,"ma114. Lifetime, have you ridden in a car driven by someone who had been using a",1,2020-2021..2020-2021,False
ma115,ma115,"ma115. In a normal week, how many days are you home after school for at least on",1,2020-2021..2020-2021,False
ma31,ma31,"ma31. Lifetime, how many times have you used, a cigarette, even one or two puffs",2,2013-2014..2014-2015,False
ma34,ma34,"a34. lifetime, tried cigarette, even one or two puffs?",3,2010-2011..2012-2013,False
ma43,ma43,"ma43. Lifetime, used a cigarette, even one or two puffs",1,2016-2017..2016-2017,False
ma44,ma44,"ma44. Lifetime, how many times have you used, a cigarette, even one or two puffs",1,2015-2016..2015-2016,False
ma46,ma46,"ma46. Lifetime, used a cigarette, even one or two puffs",2,2017-2018..2018-2019,False
ma48,ma48,"ma48. Lifetime, used a cigarette, even one or two puffs",1,2019-2020..2019-2020,False
ma62,ma62,"ma62. Lifetime, used a cigarette, even one or two puffs",1,2022-2023..2022-2023,False
ma65,ma65,"ma65. Lifetime, used a cigarette, even one or two puffs",1,2023-2024..2023-2024,False
ma69,ma69,"ma69. Lifetime, used a cigarette, even one or two puffs",1,2021-2022..2021-2022,False
ma70,ma70,"ma70. Lifetime, how many times have you ridden in a car driven by someone who ha",1,2013-2014..2013-2014,False
ma71,ma71,"ma71. Lifetime, used a cigarette, even one or two puffs",2,2014-2015..2020-2021,True
ma72,ma72,"ma72. In a normal week, how many days are you home after school for at least one",1,2013-2014..2013-2014,False
ma73,ma73,"ma73. In a normal week, how many days are you home after school for at least one",1,2014-2015..2014-2015,False
ma78,ma78,"ma78. In your life, how many times have you ridden in a car driven by someone wh",1,2016-2017..2016-2017,False
ma80,ma80,"ma80. In a normal week, how many days are you home after school for at least one",2,2015-2016..2016-2017,True
ma81,ma81,"ma81. in your life, how many times have you ridden in a car driven by someone w",3,2010-2011..2012-2013,False
ma82,ma82,"ma82. In a normal week, how many days are you home after school for at least one",1,2015-2016..2015-2016,False
ma87,ma87,"ma87. Lifetime, have you ridden in a car driven by someone who had been using al",2,2017-2018..2018-2019,True
ma89,ma89,"ma89. In a normal week, how many days are you home after school for at least one",2,2017-2018..2018-2019,False
ma91,ma91,"ma91. Lifetime, have you ridden in a car driven by someone who had been using al",1,2019-2020..2019-2020,False
ma93,ma93,"ma93. In a normal week, how many days are you home after school for at least one",1,2019-2020..2019-2020,False
mc11,mc11,(unlabeled),1,2010-2011..2010-2011,False
mc12,mc12,(unlabeled),1,2010-2011..2010-2011,False
mc13,mc13,(unlabeled),1,2010-2011..2010-2011,False
mc15,mc15,"mc15. past 12 months, did you ever think about killing yourself?",3,2010-2011..2012-2013,False
mc16,mc16,"mc16. past 12 months, did you make a plan about how you would like to kill your",3,2010-2011..2012-2013,False
mc17,mc17,"mc17. lifetime, ever tried to kill yourself?",3,2010-2011..2012-2013,False
mc25,mc25,"mc25. Lifetime, how many times have you ridden in a car driven by someone who ha",3,2021-2022..2023-2024,False
meanpart,meanpart,Total meaningful participation,9,2010-2011..2019-2020,True
meanpart,meanpart_hi,High total meaningful participation,3,2014-2015..2016-2017,False
meanpart,meanpart_true,Total meaningful participation - % 'Pretty much true' or 'Very much true',6,2018-2019..2023-2024,False
meanpart,meanpart_vmtrue,Total meaningful participation - % reporting 'Very much true',1,2017-2018..2017-2018,False
meanpart,meanpartc,Total meaningful participation category,6,2014-2015..2019-2020,False
militfamily,militfamily,Military family connected (father or mother),1,2016-2017..2016-2017,False
miss,miss,(unlabeled),1,2010-2011..2010-2011,False
mj30,mj30,(unlabeled),1,2010-2011..2010-2011,False
module_aod,module_aod,Data on any items in AOD module,11,2013-2014..2023-2024,False
module_aod_2,module_aod_2,Did not administer the whole AOD Module even though items were included in a cus,1,2013-2014..2013-2014,False
module_bhc,module_bhc,Data on any items in BHC Module,7,2013-2014..2019-2020,False
module_bhc_2,module_bhc_2,Did not administer the whole BHC Module even though items were included in a cus,1,2013-2014..2013-2014,False
module_bhm,module_bhm,Data on any items in Behavioral Health Module (Form A or Form B),1,2023-2024..2023-2024,False
module_bhmforma,module_bhmforma,Data on any items in AOD from BHM Form A),1,2022-2023..2022-2023,False
module_bhmformb,module_bhmformb,Data on any items in Behavioral Health Module (Form B),2,2022-2023..2023-2024,False
module_calmh,module_calmh,Data on any items in CalMHSA Module,4,2013-2014..2016-2017,False
module_calmh_2,module_calmh_2,Did not administer the whole module even though items were included in a custom,1,2013-2014..2013-2014,False
module_calwell,module_calwell,Data on any items in Cal-Well Module,5,2015-2016..2019-2020,False
module_clim,module_clim,Data on any items in School Climate Module,11,2013-2014..2023-2024,False
module_clim_2,module_clim_2,Did not administer the whole School Climate Module even though items were includ,1,2013-2014..2013-2014,False
module_cmtyhlth,module_cmtyhlth,Data on any items in Community Health Module (previously BHC),4,2020-2021..2023-2024,False
module_commschl,module_commschl,Data on any items in Community Schools Module,1,2023-2024..2023-2024,False
module_coresup,module_coresup,Data on any items in Core Supplement Module,1,2013-2014..2013-2014,False
module_ctag,module_ctag,Data on any items in CTAG Module,11,2013-2014..2023-2024,False
module_ctag_2,module_ctag_2,Did not administer the whole CTAG Module even though items were included in a cu,1,2013-2014..2013-2014,False
module_cust,module_cust,Data on any items in Custom Module,11,2013-2014..2023-2024,True
module_cust_2,module_cust_2,Did not administer the whole module even though items were included in a custom,1,2013-2014..2013-2014,False
module_dasm,module_dasm,Data on any items in DASM Module,11,2013-2014..2023-2024,False
module_dasm_2,module_dasm_2,Did not administer the wholeDASM Module even though items were included in a cus,1,2013-2014..2013-2014,False
module_dfc,module_dfc,Data on any items in DFC Module,11,2013-2014..2023-2024,False
module_dfc_2,module_dfc_2,Did not administer the whole DFC Module even though items were included in a cus,1,2013-2014..2013-2014,False
module_emot,module_emot,Data on any items in Social Emotional Health Module,11,2013-2014..2023-2024,False
module_emot_2,module_emot_2,Did not administer the whole Social Emotional Health Module even though items we,1,2013-2014..2013-2014,False
module_gang,module_gang,Data on any items in Gang Risk Awareness Module,11,2013-2014..2023-2024,False
module_gang_2,module_gang_2,Did not administer the whole Gang Risk Awareness Module even though items were i,1,2013-2014..2013-2014,False
module_gender,module_gender,Data on any items in Gender/Sex-Based Harassment Module,9,2015-2016..2023-2024,False
module_learncom,module_learncom,Data on any items in Learning Communities School Supports Module,1,2023-2024..2023-2024,False
module_learnfh,module_learnfh,Data on any items in Learning from Home Module,3,2019-2020..2021-2022,False
module_mhsup,module_mhsup,Data on any items in Mental Health Supports Module (Previously Cal-Well),3,2020-2021..2022-2023,False
module_milit,module_milit,Data on any items in Military Module,11,2013-2014..2023-2024,False
module_milit_2,module_milit_2,Did not administer the whole module even though items were included in a custom,1,2013-2014..2013-2014,False
module_minicore,module_minicore,Data on any items in Mini-Core Module,6,2016-2017..2021-2022,False
module_pe,module_pe,Data on any items in Physical Health Module,11,2013-2014..2023-2024,False
module_pe_2,module_pe_2,Did not administer the whole Physical Health Module even though items were inclu,1,2013-2014..2013-2014,False
module_resil,module_resil,Data on any items in Resilience Module,11,2013-2014..2023-2024,False
module_resil_2,module_resil_2,Did not administer the whole Resilience Module even though items were included i,1,2013-2014..2013-2014,False
module_safe,module_safe,Data on any items in Safety and Violence Module,11,2013-2014..2023-2024,False
module_safe_2,module_safe_2,Did not administer the whole Safety Module even though items were included in a,1,2013-2014..2013-2014,False
module_sexu,module_sexu,Data on any items in Sexual Behavior Module,11,2013-2014..2023-2024,False
module_sexu_2,module_sexu_2,Did not administer the whole Sexual Behavior Module even though items were inclu,1,2013-2014..2013-2014,False
module_shc_2,module_shc_2,Did not administer the whole School Health Center Module even though items were,1,2013-2014..2013-2014,False
module_taham_2,module_taham_2,Did not administer the whole Tehema Custom Module even though items were include,1,2013-2014..2013-2014,False
module_tobac,module_tobac,Data on any items in Tobacco Module,11,2013-2014..2023-2024,False
module_tobac_2,module_tobac_2,Did not administer the whole Tobacco Module even though items were included in a,1,2013-2014..2013-2014,False
module_trauma,module_trauma,Data on any items in Trauma Informed Care Module,1,2022-2023..2022-2023,False
module_ucsf_2,module_ucsf_2,Did not administer the whole UCSF Custom Module even though items were included,1,2013-2014..2013-2014,False
mult,mult,(unlabeled),1,2010-2011..2010-2011,False
notes,notes,Data notes,2,2013-2014..2016-2017,True
nt,nt,Non-traditional school,13,2011-2012..2023-2024,False
nt_orig,nt_orig,NT status (original),1,2013-2014..2013-2014,False
number,number,Online response ID (online data),2,2013-2014..2014-2015,False
nutrused,nutrused,(unlabeled),1,2010-2011..2010-2011,False
onoff,onoff,on or off cycle,1,2010-2011..2010-2011,False
optimism,optimism_true,Optimism - % 'Pretty much true' or 'Very much true',3,2021-2022..2023-2024,False
origord,origord,(unlabeled),1,2010-2011..2010-2011,False
outrange,outrange,(unlabeled),1,2010-2011..2010-2011,False
pall,pall,Peer Environment,6,2014-2015..2019-2020,False
pall,pall_hi,High peer Environment,3,2014-2015..2016-2017,False
pall,pall_true,Peer Environment - % 'Pretty much true' or 'Very much true',6,2018-2019..2023-2024,False
pall,pall_vmtrue,Peer Environment - % reporting 'Very much true',1,2017-2018..2017-2018,False
pall,pallc,Peer Environment category,6,2014-2015..2019-2020,False
parentinvol,parentinvol,Promotion of parent involvement,5,2015-2016..2019-2020,True
parentinvol,parentinvol_agree,Promotion of parent involvement - % 'Agree' or 'Strongly agree',6,2018-2019..2023-2024,True
parentinvol,parentinvol_hi,High parental involvement,1,2016-2017..2016-2017,False
parentinvol,parentinvolc,Promotion of parent involvement category,4,2016-2017..2019-2020,True
parentinvol_sagree,parentinvol_sagree,Parental involvement - % reporting  'Strongly agree',1,2017-2018..2017-2018,False
pcare,pcare,Caring relationships - peers,6,2014-2015..2019-2020,False
pcare,pcare_hi,High caring relationships - peers,3,2014-2015..2016-2017,False
pcare,pcare_true,Caring relationships - peers - % 'Pretty much true' or 'Very much true',6,2018-2019..2023-2024,False
pcare,pcare_vmtrue,Caring relationships - peers - % reporting 'Very much true',1,2017-2018..2017-2018,False
pcare,pcarec,Caring relationships category - peers,6,2014-2015..2019-2020,False
perpet_any,perpet_any,School violence perpetration - average reporting '1 or more times',5,2019-2020..2023-2024,False
phigh,phigh,High expectations - peers,6,2014-2015..2019-2020,False
phigh,phigh_hi,High high expectations - peers,3,2014-2015..2016-2017,False
phigh,phigh_true,High expectations - peers - % 'Pretty much true' or 'Very much true',6,2018-2019..2023-2024,False
phigh,phigh_vmtrue,High expectations - peers - % reporting 'Very much true',1,2017-2018..2017-2018,False
phigh,phighc,High expectations category - peers,6,2014-2015..2019-2020,False
prepost,prepost,Pre- or post-survey - for districts taking the survey twice in the same school y,7,2017-2018..2023-2024,False
private,private,(unlabeled),1,2010-2011..2010-2011,False
privateschl,privateschl,Private school,9,2013-2014..2023-2024,False
probsolve,probsolve,Problem solving,6,2014-2015..2019-2020,False
probsolve,probsolve_hi,High problem solving,3,2014-2015..2016-2017,False
probsolve,probsolve_true,Problem solving - % 'Pretty much true' or 'Very much true',6,2018-2019..2023-2024,False
probsolve,probsolve_vmtrue,Problem solving - % reporting 'Very much true',1,2017-2018..2017-2018,False
probsolve,probsolvec,Problem solving category,6,2014-2015..2019-2020,False
py_a40_97to13,py_a40_97to13,"a40. lifetime, used cocaine in any form, including powder, crack freebase?",1,2014-2015..2014-2015,False
py_a41_97to13,py_a41_97to13,"a41. lifetime, used methamphetamines?",1,2014-2015..2014-2015,False
py_a43_97to13,py_a43_97to13,"a43. lifetime, used lsd or other psychedelics?",1,2014-2015..2014-2015,False
py_a44_02to13,py_a44_02to13,"a44. lifetime, used ecstacy (e,x, extc, mdma)?",1,2014-2015..2014-2015,False
py_a45_99to13,py_a45_99to13,"a45. lifetime, used heroin?",1,2014-2015..2014-2015,False
py_a47_08to13,py_a47_08to13,"a47. lifetime, used prescription pain killers (vicodin, oxycontin, percodan, lo",1,2014-2015..2014-2015,False
py_a48_08to13,py_a48_08to13,"a48. lifetime, used barbiturates?",1,2014-2015..2014-2015,False
py_a49_08to13,py_a49_08to13,"a49. lifetime, used tranquilizers, or sedatives?",1,2014-2015..2014-2015,False
py_a67_98to13,py_a67_98to13,"a67. past 30 days, use cocaine or crack?",1,2014-2015..2014-2015,False
py_a68_98to13,py_a68_98to13,"a68. past 30 days, use methamphetamines?",1,2014-2015..2014-2015,False
py_a69_08to13,py_a69_08to13,"a69. past 30 days, use lsd or other psychedelics?",1,2014-2015..2014-2015,False
py_a76_a63_98to13,py_a76_a63_98to13,a76_a63. how do you like to drink alcohol?,1,2014-2015..2014-2015,False
py_a77_06to13,py_a77_06to13,"a77. if you use marijuana or other drugs, how high do you usually get?",1,2014-2015..2014-2015,False
py_a88_a74_00to13,py_a88_a74_00to13,"a88/a74. about how many student, ever tried marijuana?",1,2014-2015..2014-2015,False
py_a95_a79_08to13,py_a95_a79_08to13,"a95_a79. carrying a weapon to school, how do you feel about someone your own age",1,2014-2015..2014-2015,False
py_a9_11to13,py_a9_11to13,a9. what best describes where you live  a home includes,1,2014-2015..2014-2015,False
qf20,qf20,f20,1,2010-2011..2010-2011,False
qf21,qf21,f21,1,2010-2011..2010-2011,False
qf22,qf22,f22,1,2010-2011..2010-2011,False
qf23,qf23,f23,1,2010-2011..2010-2011,False
qf24,qf24,f24,1,2010-2011..2010-2011,False
qh3l,qh3l,(unlabeled),1,2010-2011..2010-2011,False
qh3m,qh3m,(unlabeled),1,2010-2011..2010-2011,False
r1,r1,r1. I have high goals and expectations for myself.,14,2010-2011..2023-2024,True
r10,r10,r10. I can work with someone who has different opinions than mine.,14,2010-2011..2023-2024,True
r11,r11,r11. There are many things that I do well.,14,2010-2011..2023-2024,True
r12,r12,r12. I listen to other students' ideas.,14,2010-2011..2023-2024,True
r13,r13,r13. I feel bad when someone gets their feelings hurt.,14,2010-2011..2023-2024,True
r14,r14,r14. I try to understand what other people go through.,14,2010-2011..2023-2024,True
r15,r15,"r15. When I need help, I find someone to talk with.",14,2010-2011..2023-2024,True
r16,r16,r16. I enjoy working together with other students on class activities.,14,2010-2011..2023-2024,True
r17,r17,"r17. When I work in school groups, I do my fair share.",14,2010-2011..2023-2024,True
r18,r18,r18. I stand up for myself without putting others down.,14,2010-2011..2023-2024,True
r19,r19,r19. I try to understand how other people feel and think.,14,2010-2011..2023-2024,True
r2,r2,r2. I plan to graduate from high school.,14,2010-2011..2023-2024,True
r20,r20,r20. I trust my ability to solve difficult problems.,14,2010-2011..2023-2024,True
r21,r21,r21. There is a purpose to my life.,14,2010-2011..2023-2024,True
r22,r22,r22. I understand my moods and feelings.,14,2010-2011..2023-2024,True
r23,r23,r23. I understand why I do what I do.,14,2010-2011..2023-2024,True
r24,r24,r24. I have a friend about my own age who really cares about me.,14,2010-2011..2023-2024,True
r25,r25,r25. I have a friend about my own age who talks with me about my problems.,14,2010-2011..2023-2024,True
r26,r26,r26. I have a friend about my own age who helps me when I'm having a hard time.,14,2010-2011..2023-2024,True
r27,r27,r27. My friends get into a lot of trouble.,14,2010-2011..2023-2024,True
r28,r28,r28. My friends try to do what is right.,14,2010-2011..2023-2024,True
r29,r29,r29. My friends do well in school.,14,2010-2011..2023-2024,True
r3,r3,r3. I plan to go to college or some other school after high school.,14,2010-2011..2023-2024,True
r30,r30,"r30. In my home, a parent or adult expects me to follow the rules.",14,2010-2011..2023-2024,True
r31,r31,"r31. In my home, a parent or adult is interested in my school work.",14,2010-2011..2023-2024,True
r32,r32,"r32. In my home, a parent or adult believes that I will be a success.",14,2010-2011..2023-2024,True
r33,r33,"r33. In my home, a parent or adult talks with me about my problems.",14,2010-2011..2023-2024,True
r34,r34,"r34. In my home, a parent or adult always wants me to do my best.",11,2013-2014..2023-2024,True
r35,r35,"r35. In my home, a parent or adult listens to me when I have something to say.",11,2013-2014..2023-2024,True
r36,r36,"r36. At home, I do fun things or go fun places with my parents or other adults.",11,2013-2014..2023-2024,True
r37,r37,"r37. At home, I do things that make a difference.",11,2013-2014..2023-2024,True
r38,r38,"r38. At home, I help make decisions with my family.",11,2013-2014..2023-2024,True
r39,r39,"r39. Who really cares about me - Outside of my home and school, there is an adul",11,2013-2014..2023-2024,True
r4,r4,r4. I am looking forward to a successful career.,14,2010-2011..2023-2024,True
r40,r40,"r40. Who tells me when I do a good job - Outside of my home and school, there is",11,2013-2014..2023-2024,True
r41,r41,r41. Who notices when I am upset about something - Outside of my home and school,11,2013-2014..2023-2024,True
r42,r42,"r42. Who believes that I will be a success - Outside of my home and school, ther",11,2013-2014..2023-2024,True
r43,r43,"r43. Who always wants me to do my best - Outside of my home and school, there is",8,2016-2017..2023-2024,False
r44,r44,"r44. Whom I trust - Outside of my home and school, there is an adult...",8,2016-2017..2023-2024,False
r45,r45,"r45. Outside of my home and school, I am part of clubs, sports teams, church/tem",8,2016-2017..2023-2024,False
r46,r46,"r46. Outside of my home and school, I am involved in music, art, literature, spo",8,2016-2017..2023-2024,False
r47,r47,"r47. Outside of my home and school, I help other people.",8,2016-2017..2023-2024,False
r5,r5,r5. I know where to go for help with a problem.,14,2010-2011..2023-2024,True
r6,r6,r6. I try to work out problems by talking or writing about them.,14,2010-2011..2023-2024,True
r7,r7,r7. I can work out my problems.,14,2010-2011..2023-2024,True
r8,r8,r8. I don't expect very much of myself in the future.,14,2010-2011..2023-2024,True
r9,r9,r9. I can do most things if I try.,14,2010-2011..2023-2024,True
reject,reject,Score on rejection criteria,4,2010-2011..2014-2015,True
rejectx,rejectx,Rejected responses,14,2010-2011..2023-2024,True
res2used,res2used,(unlabeled),1,2010-2011..2010-2011,False
res3used,res3used,(unlabeled),1,2010-2011..2010-2011,False
res4used,res4used,(unlabeled),1,2010-2011..2010-2011,False
resiused,resiused,(unlabeled),1,2010-2011..2010-2011,False
resmused,resmused,(unlabeled),1,2010-2011..2010-2011,False
rs1,rs1,caring-adults in schl,3,2010-2011..2012-2013,False
rs10,rs10,caring-peers,3,2010-2011..2012-2013,False
rs10_11,rs10_11,peer environment,3,2010-2011..2012-2013,False
rs11,rs11,hi expectations-peers,3,2010-2011..2012-2013,False
rs12,rs12,coop and commun,3,2010-2011..2012-2013,False
rs12_17,rs12_17,total internal assets,3,2010-2011..2012-2013,False
rs13,rs13,self-efficacy,3,2010-2011..2012-2013,False
rs14,rs14,empathy,3,2010-2011..2012-2013,False
rs15,rs15,problem solving,3,2010-2011..2012-2013,False
rs16,rs16,self-awareness,3,2010-2011..2012-2013,False
rs17,rs17,goals and aspirations,3,2010-2011..2012-2013,False
rs1_3,rs1_3,school environment,3,2010-2011..2012-2013,False
rs2,rs2,hi expectations-adults in schl,3,2010-2011..2012-2013,False
rs3,rs3,meaningful part-adults in schl,3,2010-2011..2012-2013,False
rs4,rs4,caring-adults in home,3,2010-2011..2012-2013,False
rs4_6,rs4_6,home environment,3,2010-2011..2012-2013,False
rs5,rs5,hi expectations-adults in home,3,2010-2011..2012-2013,False
rs6,rs6,meaningful part-adults in home,3,2010-2011..2012-2013,False
rs7,rs7,caring-adults in commun,3,2010-2011..2012-2013,False
rs7_9,rs7_9,commun environment,3,2010-2011..2012-2013,False
rs8,rs8,hi expectations-adults in commun,3,2010-2011..2012-2013,False
rs9,rs9,meaningful part-adults in commun,3,2010-2011..2012-2013,False
sa6,sa6,a6. how do you describe yourself? [ethnicity],1,2010-2011..2010-2011,False
sa6,sa6c,a6c. ethnicity-asian,1,2010-2011..2010-2011,False
sa6a,sa6a,a6a. ethnicity-american indian or alaska native,1,2010-2011..2010-2011,False
sa6b,sa6b,a6b. ethnicity-native hawaiian or pacific islander,1,2010-2011..2010-2011,False
sa6d,sa6d,a6d. ethnicity-black or african american (non-hispanic),1,2010-2011..2010-2011,False
sa6e,sa6e,a6e. ethnicity-hispanic or latino/latina,1,2010-2011..2010-2011,False
sa6f,sa6f,a6f. ethnicity-white (caucasian/non-hispanic),1,2010-2011..2010-2011,False
sa6g,sa6g,a6g. ethnicity-other,1,2010-2011..2010-2011,False
sa7,sa7,"a7. if you are asian or pacific islander, which groups best describe you?",1,2010-2011..2010-2011,False
sa7,sa7c,a7c. asian or pi-cambodian,1,2010-2011..2010-2011,False
sa7a,sa7a,"a7a. does not apply, i am not an asian or pacific islander",1,2010-2011..2010-2011,False
sa7b,sa7b,a7b. asian or pi-asian indian,1,2010-2011..2010-2011,False
sa7d,sa7d,a7d. asian or pi-chinese,1,2010-2011..2010-2011,False
sa7e,sa7e,a7e. asian or pi-filipino,1,2010-2011..2010-2011,False
sa7f,sa7f,a7f. asian or pi-japanese,1,2010-2011..2010-2011,False
sa7g,sa7g,a7g. asian or pi-korean,1,2010-2011..2010-2011,False
sa7h,sa7h,a7h. asian or pi-laotian,1,2010-2011..2010-2011,False
sa7i,sa7i,a7i. asian or pi-vietnamese,1,2010-2011..2010-2011,False
sa7j,sa7j,"a7j. asian or pi-native hawaiian, guamanian, samoan or other pacific islander",1,2010-2011..2010-2011,False
sa7k,sa7k,a7k. asian or pi-other asian american,1,2010-2011..2010-2011,False
sa8,sa8,"a8. if you are hispanic or latino/latina, which groups best describe you?",1,2010-2011..2010-2011,False
sa8,sa8c,a8c. south american,1,2010-2011..2010-2011,False
sa8a,sa8a,"a8a. does not apply, i am not hispanic or latino/latina",1,2010-2011..2010-2011,False
sa8b,sa8b,a8b. central american,1,2010-2011..2010-2011,False
sa8d,sa8d,a8d. cuban american,1,2010-2011..2010-2011,False
sa8e,sa8e,a8e. mexican american,1,2010-2011..2010-2011,False
sa8f,sa8f,a8f. puerto rican american,1,2010-2011..2010-2011,False
sa8g,sa8g,a8g. other hispanic american,1,2010-2011..2010-2011,False
sall,sall,Overall school environment,7,2013-2014..2019-2020,False
sall,sall_hi,High overall school environment,4,2013-2014..2016-2017,False
sall,sall_true,Overall school environment - % 'Pretty much true' or 'Very much true',6,2018-2019..2023-2024,False
sall,sall_vmtrue,Overall school environment - % reporting 'Very much true',1,2017-2018..2017-2018,False
sall,sallc,Overall school environment category,7,2013-2014..2019-2020,False
sanm1_zip,sanm1_zip,sanm1_zip. What is your home Zip Code?,1,2018-2019..2018-2019,False
satisfaction_sat,satisfaction_sat,Life Satisfaction - % 'Satisfied' or 'Very satisfied',3,2021-2022..2023-2024,False
sb1,sb1,sb1. About what percent of students in your school grade do you think ever had s,10,2014-2015..2023-2024,False
sb10,sb10,sb10. How likely do you think it is that you will choose to have sexual intercou,10,2014-2015..2023-2024,False
sb11,sb11,sb11. Have you ever had sexual intercourse?,10,2014-2015..2023-2024,False
sb12,sb12,sb12. How old were you when you had sexual intercourse for the first time?,10,2014-2015..2023-2024,False
sb13,sb13,"sb13. During your life, with how many people have you had sexual intercourse?",10,2014-2015..2023-2024,False
sb14,sb14,"sb14. During the past 3 months, with how many people did you have sexual interco",10,2014-2015..2023-2024,False
sb15,sb15,sb15. Did you drink alcohol or use drugs before you had sexual intercourse the l,10,2014-2015..2023-2024,False
sb16_sb13,sb16_sb13,"sb16_sb13. The last time you had sexual intercourse, did you or your partner use",10,2014-2015..2023-2024,False
sb17,sb17,"sb17. The last time you had sexual intercourse, what one method did you or your",10,2014-2015..2023-2024,False
sb18,sb18,sb18. How many times have you been pregnant or gotten someone pregnant?,10,2014-2015..2023-2024,False
sb19_sb14,sb19_sb14,sb19_sb14. Have you ever been forced to have sexual intercourse when you did not,10,2014-2015..2023-2024,False
sb2,sb2,"sb2. For teens your age, abstinence (not having sexual intercourse) is a better",10,2014-2015..2023-2024,False
sb3,sb3,"sb3. For some teens under 18 years old, it is a good decision to have a baby.",10,2014-2015..2023-2024,False
sb4,sb4,"sb4. What your parents think about teenagers having sex? - In the past 6 months,",10,2014-2015..2023-2024,False
sb5,sb5,"sb5. Your questions about sex? - In the past 6 months, have you talked with your",10,2014-2015..2023-2024,True
sb6,sb6,"sb6. Reasons why you shouldn't have sex at your age? - In the past 6 months, hav",10,2014-2015..2023-2024,True
sb7,sb7,sb7. How your life would change if you became a father or mother while you're a,10,2014-2015..2023-2024,True
sb8,sb8,"sb8. Birth control? - In the past 6 months, have you talked with your parents or",10,2014-2015..2023-2024,True
sb9,sb9,"sb9. AIDS/HIV and other sexually transmitted diseases? - In the past 6 months, h",10,2014-2015..2023-2024,False
sc1,sc1,sc1. Students at this school are motivated to learn.,11,2013-2014..2023-2024,False
sc10,sc10,sc10. Teachers help students catch up when they return from an absence.,11,2013-2014..2023-2024,True
sc11,sc11,sc11. Teachers help students catch up after being absent from online classes.,11,2013-2014..2023-2024,True
sc12,sc12,sc12. My teachers give me useful feedback on my work.,11,2013-2014..2023-2024,True
sc13,sc13,sc13. Adults at this school treat all students with respect.,11,2013-2014..2023-2024,True
sc14,sc14,sc14. Adults from this school treat all students with respect.,11,2013-2014..2023-2024,True
sc15,sc15,sc15. Students treat teachers with respect.,11,2013-2014..2023-2024,True
sc15_rp,sc15_rp,sc15_rp. Repeating sc15,1,2013-2014..2013-2014,False
sc16,sc16,sc16. The school rules are fair.,11,2013-2014..2023-2024,True
sc16_rp,sc16_rp,sc16_rp. Repeating sc16,1,2013-2014..2013-2014,False
sc17,sc17,sc17. All students are treated fairly when they break school rules.,11,2013-2014..2023-2024,True
sc17_rp,sc17_rp,sc17_rp. Repeating sc17,1,2013-2014..2013-2014,False
sc18,sc18,sc18. This school clearly informs students what would happen if they break schoo,11,2013-2014..2023-2024,True
sc19,sc19,sc19. The rules in this school are too strict.,11,2013-2014..2023-2024,True
sc2,sc2,sc2. Students from this school are motivated to learn.,11,2013-2014..2023-2024,True
sc20,sc20,sc20. It is easy for students to get kicked out of class or get suspended.,11,2013-2014..2023-2024,True
sc21,sc21,sc21. It is easy for students to get kicked out of class (in person or remote) o,11,2013-2014..2023-2024,True
sc22,sc22,sc22. Students get in trouble for breaking small rules.,11,2013-2014..2023-2024,True
sc23,sc23,sc23. Rules in this school are made clear to students.,11,2013-2014..2023-2024,True
sc24,sc24,sc24. School rules are made clear to students.,11,2013-2014..2023-2024,True
sc25,sc25,sc25. This school makes it clear how students are expected to act.,11,2013-2014..2023-2024,True
sc26,sc26,sc26. Students enjoy doing things with each other during school activities.,11,2013-2014..2023-2024,True
sc26_rp,sc26_rp,sc26_rp. Repeating sc26,1,2013-2014..2013-2014,False
sc27,sc27,sc27. Students care about each other.,11,2013-2014..2023-2024,True
sc28,sc28,sc28. Students treat each other with respect.,11,2013-2014..2023-2024,True
sc29,sc29,sc29. Students get along well with each other.,11,2013-2014..2023-2024,True
sc3,sc3,sc3. Adults at this school encourage me to work hard so I can be successful in c,11,2013-2014..2023-2024,True
sc30,sc30,sc30. This school encourages students to feel responsible for how they act.,11,2013-2014..2023-2024,True
sc31,sc31,sc31. This school encourages students to understand how others think and feel.,11,2013-2014..2023-2024,True
sc32,sc32,sc32. Students are taught that they can control their own behavior.,11,2013-2014..2023-2024,True
sc33,sc33,sc33. This school helps students resolve conflicts with one another.,11,2013-2014..2023-2024,True
sc34,sc34,sc34. This school encourages students to care about how others feel.,11,2013-2014..2023-2024,True
sc35,sc35,sc35. Teachers here make it clear to students that bullying is not tolerated.,11,2013-2014..2023-2024,True
sc36,sc36,sc36. Teachers make it clear to students that bullying is not tolerated.,11,2013-2014..2023-2024,True
sc36_rp,sc36_rp,sc36_rp. Repeating sc36,1,2013-2014..2013-2014,False
sc37,sc37,"sc37. If another student was bullying me, I would tell one of the teachers or st",11,2013-2014..2023-2024,True
sc38,sc38,"sc38. If another student was bullying me, I would tell one of the teachers or sc",11,2013-2014..2023-2024,True
sc38_rp,sc38_rp,sc38_rp. Repeating sc38,1,2013-2014..2013-2014,False
sc39,sc39,sc39. Students tell teachers when other students are being bullied.,11,2013-2014..2023-2024,True
sc4,sc4,sc4. Adults from this school encourage me to work hard so I can be successful in,11,2013-2014..2023-2024,True
sc40,sc40,"sc40. If I tell a teacher that someone is bullying me, the teacher will do somet",11,2013-2014..2023-2024,True
sc41,sc41,sc41. Students here try to stop bullying when they see it happening.,11,2013-2014..2023-2024,True
sc41_rp,sc41_rp,sc41_rp. Repeating sc41,1,2013-2014..2013-2014,False
sc42,sc42,sc42. Students try to stop bullying when they see it happening.,11,2013-2014..2023-2024,True
sc43,sc43,"sc43. I have been disrespected by an adult at this school because of my race, et",11,2013-2014..2023-2024,True
sc44,sc44,"sc44. I have been disrespected by an adult from this school because of my race,",11,2013-2014..2023-2024,True
sc44_rp,sc44_rp,sc44_rp. Repeating sc44,1,2013-2014..2013-2014,False
sc45,sc45,sc45. There is a lot of tension in this school between people of different cultu,11,2013-2014..2023-2024,True
sc46,sc46,"sc46. Students in this school respect each other's differences (for example, gen",11,2013-2014..2023-2024,True
sc46_rp,sc46_rp,sc46_rp. Repeating sc46,1,2013-2014..2013-2014,False
sc47,sc47,"sc47. Students from this school respect each other's differences (for example, g",11,2013-2014..2023-2024,True
sc47_rp,sc47_rp,sc47_rp. Repeating sc47,1,2013-2014..2013-2014,False
sc48,sc48,"sc48. Adults in this school respect differences in students (for example, gender",11,2013-2014..2023-2024,True
sc49,sc49,"sc49. Teachers from this school respect differences in students (for example, ge",11,2013-2014..2023-2024,True
sc5,sc5,sc5. My teachers work hard to help me with my schoolwork when I need it.,11,2013-2014..2023-2024,True
sc50,sc50,sc50. Teachers show that they think it is important for students of different ra,9,2013-2014..2023-2024,True
sc51,sc51,sc51. Teachers show that they think it is important for students of different ra,9,2013-2014..2023-2024,True
sc52,sc52,sc52. The schoolyard and buildings are clean and in good condition.,9,2013-2014..2023-2024,True
sc53,sc53,sc53. My classroom is so crowded it is hard to concentrate and learn.,9,2013-2014..2023-2024,True
sc54,sc54,sc54. I eat my lunch at the right time of day.,9,2013-2014..2023-2024,True
sc55,sc55,sc55. I have plenty of time to eat my lunch.,8,2013-2014..2023-2024,True
sc56,sc56,sc56. The school grounds are kept clean.,6,2013-2014..2023-2024,True
sc57,sc57,sc57. Students pay attention in class.,4,2020-2021..2023-2024,False
sc58,sc58,sc58. Students pay attention during class.,4,2020-2021..2023-2024,False
sc59,sc59,sc59. Students try their best in school.,4,2020-2021..2023-2024,False
sc5_rp,sc5_rp,sc5_rp. Repeating sc5,1,2013-2014..2013-2014,False
sc6,sc6,sc6. Teachers show how classroom lessons are helpful to students in real life.,11,2013-2014..2023-2024,True
sc60,sc60,sc60. Students try their best on schoolwork.,4,2020-2021..2023-2024,True
sc61,sc61,sc61. Students usually follow the rules at school.,4,2020-2021..2023-2024,False
sc62,sc62,sc62. Students turn in their homework on time.,4,2020-2021..2023-2024,False
sc63,sc63,sc63. This school promotes academic success for all students.,4,2020-2021..2023-2024,False
sc64,sc64,"sc64. When there is a conflict between people, this school tries to make sure al",4,2020-2021..2023-2024,False
sc65,sc65,sc65. This school has clean and drinkable water.,4,2020-2021..2023-2024,False
sc6_rp,sc6_rp,sc6_rp. Repeating sc6,1,2013-2014..2013-2014,False
sc7,sc7,sc7. Teachers give students a chance to take part in classroom discussions or ac,11,2013-2014..2023-2024,True
sc7_rp,sc7_rp,sc7_rp. Repeating sc7,1,2013-2014..2013-2014,False
sc8,sc8,sc8. This school is a supportive and inviting place for students to learn.,11,2013-2014..2023-2024,True
sc9,sc9,sc9. Teachers go out of their way to help students.,11,2013-2014..2023-2024,True
scandata,scandata,Scan data,11,2013-2014..2023-2024,False
scantibully,scantibully,Anti-bullying climate (SCM),2,2018-2019..2019-2020,False
scantibully,scantibully_agree,Antibullying climate - % 'Agree' or 'Strongly agree' (SCM),6,2018-2019..2023-2024,True
scare,scare,School caring relationship,7,2013-2014..2019-2020,False
scare,scare_hi,High school caring relationship,4,2013-2014..2016-2017,False
scare,scare_true,School caring relationship - % 'Pretty much true' or 'Very much true',6,2018-2019..2023-2024,False
scare,scare_vmtrue,School caring relationship - % reporting 'Very much true',1,2017-2018..2017-2018,False
scare,scarec,School caring relationship category,7,2013-2014..2019-2020,False
scclarity,scclarity,Clarity of rules (SCM),2,2018-2019..2019-2020,False
scclarity,scclarity_agree,Clarity of rules - % 'Agree' or 'Strongly agree' (SCM),6,2018-2019..2023-2024,False
sccollege,sccollege,Supports for college and career planning (SCM),2,2018-2019..2019-2020,False
sccollege,sccollege_agree,Supports for college and career planning - % 'Agree' or 'Strongly agree' (SCM),2,2018-2019..2019-2020,False
scconflict,scconflict,Racial/ethnic conflict (SCM),2,2018-2019..2019-2020,False
scconflict,scconflict_agree,Racial/ethnic conflict - % 'Agree' or 'Strongly agree' (SCM),6,2018-2019..2023-2024,False
scfacility,scfacility,Quality of physical environment (SCM),2,2018-2019..2019-2020,True
scfacility,scfacility_agree,Quality of physical environment - % 'Agree' or 'Strongly agree' (SCM),6,2018-2019..2023-2024,True
scharsh,scharsh,Disciplinary harshness (SCM),2,2018-2019..2019-2020,False
scharsh,scharsh_agree,Disciplinary harshness - % 'Agree' or 'Strongly agree' (SCM),6,2018-2019..2023-2024,False
schl,schl,tel_scho,1,2010-2011..2010-2011,False
schlclas,schlclas,(unlabeled),1,2010-2011..2010-2011,False
schlconc,schlconc,school connectedness,3,2010-2011..2012-2013,False
schll,schll,(unlabeled),1,2010-2011..2010-2011,False
schlno,schlno,Pseudo school code,14,2010-2011..2023-2024,False
schlo,schlo,(unlabeled),1,2010-2011..2010-2011,False
schls,schls,(unlabeled),1,2010-2011..2010-2011,False
schlsamp_chks,schlsamp_chks,Sampled district only - schools in the CHKS sample,1,2023-2024..2023-2024,False
schlt,schlt,(unlabeled),1,2010-2011..2010-2011,False
schlyear,schlyear,School year,14,2010-2011..2023-2024,True
sclearneng,sclearneng,Student learning engagement (SCM),2,2018-2019..2019-2020,False
sclearneng,sclearneng_agree,Learning engagement climate - % 'Agree' or 'Strongly agree' (SCM),6,2018-2019..2023-2024,True
sclunch,sclunch,Time for lunch (SCM),2,2018-2019..2019-2020,False
sclunch,sclunch_agree,Time for lunch - % 'Agree' or 'Strongly agree' (SCM),6,2018-2019..2023-2024,False
scpeerrel,scpeerrel,Student peer relationships (SCM),2,2018-2019..2019-2020,False
scpeerrel,scpeerrel_agree,Student peer relationships - % 'Agree' or 'Strongly agree' (SCM),6,2018-2019..2023-2024,False
screspdif,screspdif,Appreciation of racial/ethnic differences (SCM),2,2018-2019..2019-2020,True
screspdif,screspdif_agree,Respect for diversity - % 'Agree' or 'Strongly agree' (SCM),6,2018-2019..2023-2024,True
screspect,screspect,Fairness and respect for diversity (SCM),2,2018-2019..2019-2020,False
screspect,screspect_agree,Fairness - % 'Agree' or 'Strongly agree' (SCM),6,2018-2019..2023-2024,True
scsprtlearn,scsprtlearn,Supports for learning (SCM),2,2018-2019..2019-2020,False
scsprtlearn,scsprtlearn_agree,Student learning environment - % 'Agree' or 'Strongly agree' (SCM),6,2018-2019..2023-2024,True
scsprtsel,scsprtsel,Supports for social and emotional learning (SCM),2,2018-2019..2019-2020,False
scsprtsel,scsprtsel_agree,Supports for social emotional learning - % 'Agree' or 'Strongly agree' (SCM),6,2018-2019..2023-2024,True
sel1,sel1,sel1. I can work out my problems.,10,2012-2013..2023-2024,True
sel10,sel10,sel10. I try to answer all the questions asked in class.,10,2012-2013..2023-2024,True
sel11,sel11,"sel11. When I try to solve a math problem, I will not stop until I find a final",10,2012-2013..2023-2024,True
sel12,sel12,sel12. I accept responsibility for my actions.,10,2012-2013..2023-2024,True
sel13,sel13,sel13. I am looking forward to a successful career.,10,2012-2013..2023-2024,True
sel14,sel14,sel14. When I make a mistake I admit it.,10,2012-2013..2023-2024,True
sel15,sel15,sel15. I can deal with being told no.,10,2012-2013..2023-2024,True
sel16,sel16,sel16. I feel bad when someone gets their feelings hurt.,10,2012-2013..2023-2024,True
sel17,sel17,sel17. When I need help I find someone to talk with.,10,2012-2013..2023-2024,True
sel18,sel18,sel18. I try to understand what other people go through.,10,2012-2013..2023-2024,True
sel19,sel19,sel19. I have high goals and expectations for myself.,10,2012-2013..2023-2024,True
sel2,sel2,sel2. I can do most things if I try.,10,2012-2013..2023-2024,True
sel20,sel20,sel20. I try to understand how other people feel and think.,10,2012-2013..2023-2024,True
sel21,sel21,sel21. I can wait for what I want.,10,2012-2013..2023-2024,True
sel22,sel22,sel22. Challenging myself will not make me any smarter.,10,2012-2013..2023-2024,True
sel23,sel23,sel23. I don't bother others when they are busy.,10,2012-2013..2023-2024,True
sel24,sel24,sel24. I think before I act.,10,2012-2013..2023-2024,True
sel25,sel25,"sel25. When I work in school groups, I do my fair share.",10,2012-2013..2023-2024,True
sel26,sel26,sel26. I try to work out my problems by talking or writing about them.,10,2012-2013..2023-2024,True
sel27,sel27,sel27. There are some things I am not capable of learning.,10,2012-2013..2023-2024,True
sel28,sel28,sel28. I like to listen to other students' ideas in class.,10,2012-2013..2023-2024,True
sel29,sel29,sel29. I don't expect very much of myself in the future.,9,2012-2013..2023-2024,True
sel3,sel3,sel3. There are many things that I do well.,10,2012-2013..2023-2024,True
sel30,sel30,sel30. I trust my ability to solve difficult problems.,9,2012-2013..2023-2024,True
sel31,sel31,"sel31. If I am not naturally smart in a subject, I will never do well in it.",9,2012-2013..2023-2024,True
sel32,sel32,sel32. On most days I feel GRATEFUL.,9,2012-2013..2023-2024,True
sel33,sel33,sel33. On most days I feel THANKFUL.,9,2012-2013..2023-2024,True
sel34,sel34,sel34. On most days I feel APPRECIATIVE.,5,2016-2017..2023-2024,True
sel35,sel35,sel35. On most days I feel ENERGETIC.,5,2016-2017..2023-2024,True
sel36,sel36,sel36. On most days I feel ACTIVE.,5,2016-2017..2023-2024,True
sel37,sel37,sel37. On most days I feel ENTHUSIASTIC.,5,2016-2017..2023-2024,True
sel38,sel38,sel38. My family members really help and support one another.,5,2016-2017..2023-2024,True
sel39,sel39,sel39. There is a feeling of togetherness in my family.,5,2016-2017..2023-2024,True
sel4,sel4,sel4. There is a purpose to my life.,10,2012-2013..2023-2024,True
sel40,sel40,sel40. My family really gets along well with each other.,5,2016-2017..2023-2024,True
sel41,sel41,sel41. I have a friend my age who really cares about me.,5,2016-2017..2023-2024,True
sel42,sel42,sel42. I have a friend my age who talks with me about my problems.,5,2016-2017..2023-2024,True
sel43,sel43,sel43. I have a friend my age who helps me when I'm having a hard time.,5,2016-2017..2023-2024,True
sel44,sel44,"sel44. Over the past month, I had a hard time relaxing.",2,2016-2017..2019-2020,True
sel45,sel45,"sel45. Over the past month, I felt sad and down.",2,2016-2017..2019-2020,True
sel46,sel46,"sel46. Over the past month, I was easily irritated.",2,2016-2017..2019-2020,True
sel47,sel47,"sel47. Over the past month, it was hard for me to cope and I thought I would pan",1,2019-2020..2019-2020,False
sel48,sel48,"sel48. Over the past month, it was hard for me to get excited about anything.",1,2019-2020..2019-2020,False
sel49,sel49,"sel49. Over the past month, I was easily annoyed and sensitive.",1,2019-2020..2019-2020,False
sel5,sel5,sel5. My intelligence is something I cannot change very much.,10,2012-2013..2023-2024,True
sel50,sel50,"sel50. Over the past month, I was scared for no good reason.",1,2019-2020..2019-2020,False
sel51,sel51,sel51. My family members really help and support one another.,1,2019-2020..2019-2020,False
sel52,sel52,sel52. There is a feeling of togetherness in my family.,1,2019-2020..2019-2020,False
sel53,sel53,sel53. My family really gets along well with each other.,1,2019-2020..2019-2020,False
sel54,sel54,sel54. I have a friend my age who really cares about me.,1,2019-2020..2019-2020,False
sel55,sel55,sel55. I have a friend my age who talks with me about my problems.,1,2019-2020..2019-2020,False
sel56,sel56,sel56. I have a friend my age who helps me when I'm having a hard time.,1,2019-2020..2019-2020,False
sel6,sel6,sel6. I understand my moods and feelings.,10,2012-2013..2023-2024,True
sel7,sel7,sel7. I understand why I do what I do.,10,2012-2013..2023-2024,True
sel8,sel8,sel8. I enjoy working together with other students on class activities.,10,2012-2013..2023-2024,True
sel9,sel9,"sel9. When I do not understand something, I ask the teacher again and again unti",10,2012-2013..2023-2024,True
selaware,selaware,Self-awareness (SEHM),2,2016-2017..2019-2020,False
selaware,selaware_hi,High self-awareness (SEHM),1,2016-2017..2016-2017,False
selaware,selaware_true,Self-awareness - % 'Pretty much true' or 'Very much true' (SEHM),5,2019-2020..2023-2024,False
selaware,selawarec,Self-awareness category (SEHM),2,2016-2017..2019-2020,False
selcollab,selcollab,Collaboration (SEHM),2,2016-2017..2019-2020,False
selcollab,selcollab_hi,High collaboration (SEHM),1,2016-2017..2016-2017,False
selcollab,selcollab_true,Collaboration - % 'Pretty much true' or 'Very much true' (SEHM),5,2019-2020..2023-2024,False
selcollab,selcollabc,Collaboration category (SEHM),2,2016-2017..2019-2020,False
selcontrol,selcontrol,Behavioral self-control (SEHM),2,2016-2017..2019-2020,False
selcontrol,selcontrol_hi,High behavioral self-control (SEHM),1,2016-2017..2016-2017,False
selcontrol,selcontrol_true,Behavioral self-control - % 'Pretty much true' or 'Very much true' (SEHM),5,2019-2020..2023-2024,False
selcontrol,selcontrolc,Behavioral self-control category (SEHM),2,2016-2017..2019-2020,False
selcovitality,selcovitality,CoVitality (SEHM),2,2016-2017..2019-2020,False
selcovitality,selcovitality_hi,High covitality (SEHM),1,2016-2017..2016-2017,False
selcovitality,selcovitality_true,Covitality - % 'Pretty much true' or 'Very much true' (SEHM),5,2019-2020..2023-2024,False
selcovitality,selcovitalityc,CoVitality category (SEHM),2,2016-2017..2019-2020,False
seldistress,seldistress,Social emotional distress (SEHM),1,2019-2020..2019-2020,False
seldistress,seldistress_true,Social emotional distress - % reporting 'Not at all true' (SEHM),1,2019-2020..2019-2020,False
seldistress,seldistressc,Social emotional distress category (SEHM),1,2019-2020..2019-2020,False
selefficacy,selefficacy,Self-efficacy (SEHM),2,2016-2017..2019-2020,False
selefficacy,selefficacy_hi,High self-efficacy (SEHM),1,2016-2017..2016-2017,False
selefficacy,selefficacy_true,Self-efficacy - % 'Pretty much true' or 'Very much true' (SEHM),5,2019-2020..2023-2024,False
selefficacy,selefficacyc,Self-efficacy category (SEHM),2,2016-2017..2019-2020,False
selemotreg,selemotreg,Emotional regulation (SEHM),2,2016-2017..2019-2020,False
selemotreg,selemotreg_hi,High emotional regulation (SEHM),1,2016-2017..2016-2017,False
selemotreg,selemotreg_true,Emotional regulation - % 'Pretty much true' or 'Very much true' (SEHM),5,2019-2020..2023-2024,False
selemotreg,selemotregc,Emotional regulation category (SEHM),2,2016-2017..2019-2020,False
selemphathy,selemphathy,Empathy (SEHM),2,2016-2017..2019-2020,False
selemphathy,selemphathy_hi,High empathy (SEHM),1,2016-2017..2016-2017,False
selemphathy,selemphathy_true,Empathy - % 'Pretty much true' or 'Very much true' (SEHM),5,2019-2020..2023-2024,False
selemphathy,selemphathyc,Empathy category (SEHM),2,2016-2017..2019-2020,False
selengagliv,selengagliv,Engaged living (SEHM),2,2016-2017..2019-2020,False
selengagliv,selengagliv_hi,High engaged living (SEHM),1,2016-2017..2016-2017,False
selengagliv,selengagliv_true,Engaged living - % 'Pretty much true' or 'Very much true' (SEHM),5,2019-2020..2023-2024,False
selengagliv,selengaglivc,Engaged living category (SEHM),2,2016-2017..2019-2020,False
selfamconc,selfamconc,Family connectedness (SEHM),2,2016-2017..2019-2020,False
selfamconc,selfamconc_hi,High family connectedness (SEHM),1,2016-2017..2016-2017,False
selfamconc,selfamconc_true,Family connectedness - % 'Pretty much true' or 'Very much true' (SEHM),5,2019-2020..2023-2024,False
selfamconc,selfamconcc,Family connectedness category (SEHM),2,2016-2017..2019-2020,False
selgoals,selgoals,Goals (SEHM),2,2016-2017..2019-2020,False
selgoals,selgoals_hi,High goals (SEHM),1,2016-2017..2016-2017,False
selgoals,selgoals_true,Goals - % 'Pretty much true' or 'Very much true' (SEHM),5,2019-2020..2023-2024,False
selgoals,selgoalsc,Goals category (SEHM),2,2016-2017..2019-2020,False
selgratitude,selgratitude,Gratitude (SEHM),2,2016-2017..2019-2020,False
selgratitude,selgratitude_hi,High gratitude (SEHM),1,2016-2017..2016-2017,False
selgratitude,selgratitude_true,Gratitude - % 'Pretty much true' or 'Very much true' (SEHM),5,2019-2020..2023-2024,False
selgratitude,selgratitudec,Gratitude category (SEHM),2,2016-2017..2019-2020,False
selmindset,selmindset,Growth mindset (SEHM),2,2016-2017..2019-2020,False
selmindset,selmindset_hi,High growth mindset (SEHM),1,2016-2017..2016-2017,False
selmindset,selmindset_true,Growth mindset - % 'Pretty much true' or 'Very much true' (SEHM),5,2019-2020..2023-2024,False
selmindset,selmindsetc,Growth mindset category (SEHM),2,2016-2017..2019-2020,False
seloptimism,seloptimism,Optimism (SEHM),2,2016-2017..2019-2020,False
seloptimism,seloptimism_hi,High optimism (SEHM),1,2016-2017..2016-2017,False
seloptimism,seloptimism_true,Optimism - % 'Pretty much true' or 'Very much true' (SEHM),5,2019-2020..2023-2024,False
seloptimism,seloptimismc,Optimism category (SEHM),2,2016-2017..2019-2020,False
selpersist,selpersist,Persistence (SEHM),2,2016-2017..2019-2020,False
selpersist,selpersist_hi,High persistence (SEHM),1,2016-2017..2016-2017,False
selpersist,selpersist_true,Persistence - % 'Pretty much true' or 'Very much true' (SEHM),5,2019-2020..2023-2024,False
selpersist,selpersistc,Persistence category (SEHM),2,2016-2017..2019-2020,False
selpsolve,selpsolve,Problem solving (SEHM),2,2016-2017..2019-2020,False
selpsolve,selpsolve_hi,High problem solving (SEHM),1,2016-2017..2016-2017,False
selpsolve,selpsolve_true,Problem solving - % 'Pretty much true' or 'Very much true' (SEHM),4,2019-2020..2023-2024,False
selpsolve,selpsolvec,Problem solving category (SEHM),2,2016-2017..2019-2020,False
selpsuprt,selpsuprt,Peer supports (SEHM),2,2016-2017..2019-2020,False
selpsuprt,selpsuprt_hi,High peer supports (SEHM),1,2016-2017..2016-2017,False
selpsuprt,selpsuprt_true,Peer supports - % 'Pretty much true' or 'Very much true' (SEHM),5,2019-2020..2023-2024,False
selpsuprt,selpsuprtc,Peer supports category (SEHM),2,2016-2017..2019-2020,False
selschlsuprt,selschlsuprt,School supports (SEHM),2,2016-2017..2019-2020,False
selschlsuprt,selschlsuprt_hi,High school supports (SEHM),1,2016-2017..2016-2017,False
selschlsuprt,selschlsuprt_true,School supports - % 'Pretty much true' or 'Very much true' (SEHM),5,2019-2020..2023-2024,False
selschlsuprt,selschlsuprtc,School supports category (SEHM),2,2016-2017..2019-2020,False
selzest,selzest,Zest (SEHM),2,2016-2017..2019-2020,False
selzest,selzest_hi,High zest (SEHM),1,2016-2017..2016-2017,False
selzest,selzest_true,Zest - % 'Pretty much true' or 'Very much true' (SEHM),5,2019-2020..2023-2024,False
selzest,selzestc,Zest category (SEHM),2,2016-2017..2019-2020,False
sexused,sexused,(unlabeled),1,2010-2011..2010-2011,False
sfusdsamp_chks,sfusdsamp_chks,SFUSD schools for CHKS sample,1,2019-2020..2019-2020,False
shigh,shigh,School high expectations,7,2013-2014..2019-2020,False
shigh,shigh_hi,High school high expectations,4,2013-2014..2016-2017,False
shigh,shigh_true,School high expectations - % 'Pretty much true' or 'Very much true',6,2018-2019..2023-2024,False
shigh,shigh_vmtrue,School high expectations - % reporting 'Very much true',1,2017-2018..2017-2018,False
shigh,shighc,School high expectations category,7,2013-2014..2019-2020,False
sm1,sm1,sm1. Do you have someone in your family who is currently in the military?,11,2013-2014..2023-2024,False
sm10,sm10,sm10. I know how to solve problems in my life better than most of my friends,11,2013-2014..2023-2024,False
sm11,sm11,sm11. I am more interested in volunteering and helping others than are many of m,11,2013-2014..2023-2024,False
sm12,sm12,"sm12. When I grow up, I would like to join the military.",11,2013-2014..2023-2024,False
sm13,sm13,sm13. Adults in this school respect my family.,11,2013-2014..2023-2024,False
sm14,sm14,sm14. I have a hard time paying attention in school.,11,2013-2014..2023-2024,False
sm15,sm15,sm15. My parents help me with my school work.,11,2013-2014..2023-2024,False
sm16,sm16,sm16. My parents come to school to meet my teachers or to attend events.,11,2013-2014..2023-2024,False
sm17,sm17,sm17. Other students in school do not really understand my family life.,11,2013-2014..2023-2024,False
sm18,sm18,sm18. I have a hard time making friends because I have to change schools often.,11,2013-2014..2023-2024,False
sm19,sm19,"sm19. Past 30 days, how often did you feel full of energy?",11,2013-2014..2023-2024,False
sm2,sm2,sm2. Who in your family is currently in the military?,11,2013-2014..2023-2024,False
sm2,sm2c,sm2c. Mother - Who in your family is currently in the military?,11,2013-2014..2023-2024,True
sm20,sm20,"sm20. Past 30 days, how often did you feel happy?",11,2013-2014..2023-2024,False
sm21,sm21,"sm21. Past 30 days, how often did you feel like everything is hard to do?",11,2013-2014..2023-2024,False
sm22,sm22,"sm22. Past 30 days, how often did you feel like nothing makes you happy?",11,2013-2014..2023-2024,False
sm23,sm23,"sm23. Past 30 days, how often did you feel proud?",11,2013-2014..2023-2024,False
sm24,sm24,"sm24. Past 30 days, how often did you feel restless, cannot stay still in one pl",11,2013-2014..2023-2024,False
sm25,sm25,"sm25. Past 30 days, how often did you feel good about life?",11,2013-2014..2023-2024,False
sm26,sm26,"sm26. Past 30 days, how often did you feel nervous?",11,2013-2014..2023-2024,False
sm27,sm27,"sm27. Past 30 days, how often did you feel that you do not have much hope?",11,2013-2014..2023-2024,False
sm28,sm28,"sm28. Past 30 days, how often did you feel excited?",11,2013-2014..2023-2024,False
sm29,sm29,"sm29. Past 30 days, how often did you feel like you are not important?",11,2013-2014..2023-2024,False
sm2a,sm2a,sm2a. No one in my family is in the military - Who in your family is currently i,11,2013-2014..2023-2024,True
sm2b,sm2b,sm2b. Father - Who in your family is currently in the military?,11,2013-2014..2023-2024,True
sm2d,sm2d,sm2d. Brother or sister - Who in your family is currently in the military?,11,2013-2014..2023-2024,True
sm2e,sm2e,sm2e. Grandparent or other relative - Who in your family is currently in the mil,11,2013-2014..2023-2024,True
sm2f,sm2f,sm2f. Don't know - Who in your family is currently in the military?,11,2013-2014..2023-2024,True
sm3,sm3,sm3. I feel proud of my family.,11,2013-2014..2023-2024,False
sm30,sm30,"sm30. Past 30 days, how often did you feel strong?",11,2013-2014..2023-2024,False
sm31,sm31,"sm31. In the last five years, how many times did you change your school because",11,2013-2014..2023-2024,False
sm32,sm32,"sm32. If you changed schools, did you have any difficulties because your course",11,2013-2014..2023-2024,False
sm33,sm33,sm33. Do you have someone in your family who is in the military now or sometime,11,2013-2014..2023-2024,True
sm34,sm34,sm34. How many times in the last 10 years did any member of your family leave ho,11,2013-2014..2023-2024,True
sm35,sm35,sm35. I feel that my family makes an important sacrifice for our country because,11,2013-2014..2023-2024,True
sm36,sm36,sm36. The military is doing many things to help my family.,11,2013-2014..2023-2024,True
sm37,sm37,sm37. I feel that other military families support me and my family.,11,2013-2014..2023-2024,True
sm38,sm38,sm38. Sometimes I feel that my teachers do not appreciate the sacrifices my fami,11,2013-2014..2023-2024,True
sm39,sm39,sm39. I worry about a family member who is serving in the military outside the U,11,2013-2014..2023-2024,True
sm4,sm4,"sm4. My family is very close, and we support each other.",11,2013-2014..2023-2024,True
sm5,sm5,sm5. My family gets support from relatives and friends.,11,2013-2014..2023-2024,False
sm6,sm6,sm6. I feel supported by other families in my community.,11,2013-2014..2023-2024,False
sm7,sm7,sm7. I feel that I have more responsibilities at home than my friends.,11,2013-2014..2023-2024,False
sm8,sm8,sm8. I have traveled a lot and have seen many interesting places.,11,2013-2014..2023-2024,False
sm9,sm9,sm9. I am more independent than many of my friends.,11,2013-2014..2023-2024,False
smean,smean,School meaningful participation,7,2013-2014..2019-2020,False
smean,smean_hi,High school meaningful participation,4,2013-2014..2016-2017,False
smean,smean_true,School meaningful participation - % reporting  'Very much true',6,2018-2019..2023-2024,False
smean,smean_vmtrue,School meaningful participation - % reporting  'Very much true',1,2017-2018..2017-2018,False
smean,smeanc,School meaningful participation category,7,2013-2014..2019-2020,False
soctype,soctype,School type (from CBEDS),13,2011-2012..2023-2024,True
sortord,sortord,(unlabeled),1,2010-2011..2010-2011,False
srtord,srtord,(unlabeled),1,2010-2011..2010-2011,False
surveymonth,surveymonth,Month of survey administration (online data),5,2019-2020..2023-2024,False
surveyyear,surveyyear,Year of survey administration (online data),5,2019-2020..2023-2024,False
ta45,ta45,"a45. past 30 days, use ecstacy?",1,2010-2011..2010-2011,False
ta59_a49,ta59_a49,"a59/a49. cigarettes, how much would your friends stop you from using?",1,2010-2011..2010-2011,False
ta60_a51,ta60_a51,"a60/a50. alcohol, how much would your friends stop you from  using?",1,2010-2011..2010-2011,False
ta61_a51,ta61_a51,"a61/a51. marijuana, how much would your friends stop you from  using?",1,2010-2011..2010-2011,False
ta85_a75,ta85_a75,a85/a75. how much would your friends disapprove if some student  they knew carr,1,2010-2011..2010-2011,False
ta86_a76,ta86_a76,a86/a76. how safe do you feel when you are at school?,1,2010-2011..2010-2011,False
tc10b,tc10b,c10b. aod problems - get a traffic ticket/have a traffic accident?,1,2010-2011..2010-2011,False
tc23_c12,tc23_c12,"c23/c12. past 12 months, been arrested by police or sheriff how many times?",1,2010-2011..2010-2011,False
tc27_c13,tc27_c13,"c27/c13. if you wanted to get a gun, how difficult would it be for you to get o",1,2010-2011..2010-2011,False
tc28_c14,tc28_c14,c28/c14. how safe do you feel in your neiborhood?,1,2010-2011..2010-2011,False
tcsreg,tcsreg,tcs regions,1,2010-2011..2010-2011,False
term,term,Term,7,2017-2018..2023-2024,False
tobused,tobused,(unlabeled),1,2010-2011..2010-2011,False
tr1,tr1,"tr1. Talks with me about my problems. - In my home, there is a parent or some ot",2,2010-2011..2022-2023,True
tr10,tr10,"tr10. Would be helpful to me if I came to school upset. - At my school, there is",1,2022-2023..2022-2023,False
tr11,tr11,"tr11. Makes me feel good about myself. - At my school, there is a teacher or oth",1,2022-2023..2022-2023,False
tr12,tr12,"tr12. I can count on to help me, no matter what. - At my school, there is a teac",2,2010-2011..2022-2023,True
tr13,tr13,"tr13. At my school, I feel socially accepted.",1,2022-2023..2022-2023,False
tr14,tr14,"tr14. At my school, I feel understood as a person.",1,2022-2023..2022-2023,False
tr15,tr15,"tr15. At my school, I feel that I matter to others.",1,2022-2023..2022-2023,False
tr16,tr16,tr16. How safe do you feel at home or the place where you live?,2,2010-2011..2022-2023,True
tr17,tr17,tr17. How safe do you feel in the neighborhood where you live?,2,2010-2011..2022-2023,True
tr18,tr18,"tr18. Past 30 days, I got upset easily or got into arguments or physical fights.",1,2022-2023..2022-2023,False
tr19,tr19,"tr19. Past 30 days, I had trouble concentrating or paying attention.",1,2022-2023..2022-2023,False
tr2,tr2,"tr2. Listens to me when I have something to say. - In my home, there is a parent",2,2010-2011..2022-2023,True
tr20,tr20,"tr20. Past 30 days, I had trouble feeling happiness or love.",1,2022-2023..2022-2023,False
tr21,tr21,"tr21. Past 30 days, I felt alone even when I was around other people.",1,2022-2023..2022-2023,False
tr22,tr22,"tr22. Past 30 days, I had trouble going to sleep, woke up often, or had trouble",1,2022-2023..2022-2023,False
tr23,tr23,tr23. How often are you able to pull yourself out of a bad mood?,1,2022-2023..2022-2023,False
tr24,tr24,"tr24. When everybody around you gets angry, how relaxed can you stay?",1,2022-2023..2022-2023,False
tr25,tr25,tr25. How often are you able to control your emotions when you need to?,1,2022-2023..2022-2023,False
tr26,tr26,"tr26. Once you get upset, how often can you get yourself to relax?",1,2022-2023..2022-2023,False
tr27,tr27,"tr27. When things go wrong for you, how calm are you able to remain?",1,2022-2023..2022-2023,False
tr28,tr28,"tr28. Stomach aches - In the last 2 weeks, how much were you bothered by each sy",1,2022-2023..2022-2023,False
tr29,tr29,"tr29. Headaches - In the last 2 weeks, how much were you bothered by each sympto",1,2022-2023..2022-2023,False
tr3,tr3,"tr3. Helps me when I am upset. - In my home, there is a parent or some other adu",2,2010-2011..2022-2023,True
tr30,tr30,"tr30. Pains in your lower back - In the last 2 weeks, how much were you bothered",1,2022-2023..2022-2023,False
tr31,tr31,"tr31. Feeling faint or dizzy - In the last 2 weeks, how much were you bothered b",1,2022-2023..2022-2023,False
tr32,tr32,"tr32. Pain in your arms or legs - In the last 2 weeks, how much were you bothere",1,2022-2023..2022-2023,False
tr33,tr33,tr33. Heart beating too fast (even when you are not exercising) - In the last 2,1,2022-2023..2022-2023,False
tr34,tr34,tr34. Feeling like you might throw up or having an upset stomach - In the last 2,1,2022-2023..2022-2023,False
tr35,tr35,"tr35. Feeling weak in parts of your body - In the last 2 weeks, how much were yo",1,2022-2023..2022-2023,False
tr4,tr4,"tr4. Makes me feel good about myself. - In my home, there is a parent or some ot",2,2010-2011..2022-2023,True
tr5,tr5,tr5. Talks with me about my problems. - I have a friend my age who...,2,2010-2011..2022-2023,True
tr6,tr6,tr6. Listens to me when I have something to say. - I have a friend my age who...,1,2022-2023..2022-2023,False
tr7,tr7,tr7. Helps me when I am upset. - I have a friend my age who...,1,2022-2023..2022-2023,False
tr8,tr8,tr8. Makes me feel good about myself. - I have a friend my age who...,1,2022-2023..2022-2023,False
tr9,tr9,"tr9. Would understand my problems if I shared them. - At my school, there is a t",1,2022-2023..2022-2023,False
tradalt,tradalt,(unlabeled),1,2010-2011..2010-2011,False
tremotreg_top2,tremotreg_top2,Emotion Regulation - % the top two categories (Trauma),1,2022-2023..2022-2023,False
tremotsafe,tremotsafe_true,Emotional Safety at School - % 'Pretty much true' or 'Very much true' (Trauma),1,2022-2023..2022-2023,False
trhomesuprt,trhomesuprt_true,Home Adult Co-Regulation Supports - % 'Pretty much true' or 'Very much true' (Tr,1,2022-2023..2022-2023,False
trpeersuprt,trpeersuprt_true,Peer Co-Regulation Supports - % 'Pretty much true' or 'Very much true' (Trauma),1,2022-2023..2022-2023,False
trptsdavg,trptsdavg,Average means of PTSD questions (Trauma),1,2022-2023..2022-2023,False
trptsdprofile,trptsdprofile,PTSD profile (Trauma),1,2022-2023..2022-2023,False
trptsdtotal,trptsdtotal,Average means of PTSD questions times 11 (Trauma),1,2022-2023..2022-2023,False
trresptrauma,trresptrauma_2plus,Responses to Trauma Symptoms - % '2-3 times a week' or 'Almost every day' (Traum,1,2022-2023..2022-2023,False
trschlsuprt,trschlsuprt_true,School Co-Regulation Supports - % 'Pretty much true' or 'Very much true' (Trauma,1,2022-2023..2022-2023,False
type,type,type of school,1,2010-2011..2010-2011,False
uf12,uf12,f12. i believe that all people should get respect.,1,2010-2011..2010-2011,False
uf16,uf16,f16. i enjoy helping others.,1,2010-2011..2010-2011,False
uf27,uf27,f27. i try to do what is fair.,1,2010-2011..2010-2011,False
uf42,uf42,f42. i do what i believe is right.,1,2010-2011..2010-2011,False
uf51,uf51,"f51. when i am talking with someone, i pay attention to what they are saying.",1,2010-2011..2010-2011,False
uf52,uf52,f52. there will always be people in my life who i can count on.,1,2010-2011..2010-2011,False
uf60,uf60,f60. i try to do my best at whatever i do.,1,2010-2011..2010-2011,False
uf61,uf61,"f61. when i am an adult, people will respect me.",1,2010-2011..2010-2011,False
uf62,uf62,f62. i try to understand my moods and feelings.,1,2010-2011..2010-2011,False
uf66,uf66,f66. i understood the questions on this survey.,1,2010-2011..2010-2011,False
uf67,uf67,f67. i answered the questions on this survey carefully.,1,2010-2011..2010-2011,False
uf68,uf68,f68. i answered the questions on this survey honestly.,1,2010-2011..2010-2011,False
unknown_x1,unknown_x1,unknown_x1. Unknown item,1,2013-2014..2013-2014,False
unknown_x2,unknown_x2,unknown_x2. Unknown item,1,2013-2014..2013-2014,False
upmerge,upmerge,(unlabeled),1,2010-2011..2010-2011,False
v1,v1,"v1. Been in a physical fight? - Past 12 months, how many times have you...",11,2013-2014..2023-2024,True
v10,v10,"v10. Past 12 months, did you ever seriously consider attempting suicide?",10,2013-2014..2023-2024,False
v10_a109,v10_a109,"v10_a109. Past 12 months, did you ever seriously consider attempting suicide?",1,2014-2015..2014-2015,False
v11,v11,"v11. Past 12 months, did you make a plan about how you would attempt suicide?",11,2013-2014..2023-2024,False
v11a119,v11a119,a119. would you work for an employer that does random drug and alcohol test?,1,2010-2011..2010-2011,False
v12,v12,"v12. Past 12 months, how many times did you actually attempt suicide?",11,2013-2014..2023-2024,False
v13,v13,"v13. If you attempted suicide during the past 12 months, did any attempt result",11,2013-2014..2023-2024,False
v13a6,v13a6,a6. how do you describe yourself? [ethnicity],1,2010-2011..2010-2011,False
v13a6,v13a6c,a6c. ethnicity-asian,1,2010-2011..2010-2011,False
v13a6a,v13a6a,a6a. ethnicity-american indian or alaska native,1,2010-2011..2010-2011,False
v13a6b,v13a6b,a6b. ethnicity-native hawaiian or pacific islander,1,2010-2011..2010-2011,False
v13a6d,v13a6d,a6d. ethnicity-black or african american (non-hispanic),1,2010-2011..2010-2011,False
v13a6e,v13a6e,a6e. ethnicity-hispanic or latino/latina,1,2010-2011..2010-2011,False
v13a6f,v13a6f,a6f. ethnicity-white (caucasian/non-hispanic),1,2010-2011..2010-2011,False
v13a6g,v13a6g,a6g. ethnicity-other,1,2010-2011..2010-2011,False
v13a8,v13a8,"a8. if you are hispanic or latino/latina, which groups best describe you?",1,2010-2011..2010-2011,False
v13a8,v13a8c,a8c. south american,1,2010-2011..2010-2011,False
v13a8a,v13a8a,"a8a. does not apply, i am not hispanic or latino/latina",1,2010-2011..2010-2011,False
v13a8b,v13a8b,a8b. alta dutch flat elem american,1,2010-2011..2010-2011,False
v13a8d,v13a8d,a8d. cuban american,1,2010-2011..2010-2011,False
v13a8e,v13a8e,a8e. mexican american,1,2010-2011..2010-2011,False
v13a8f,v13a8f,a8f. puerto rican american,1,2010-2011..2010-2011,False
v13a8g,v13a8g,a8g. other hispanic american,1,2010-2011..2010-2011,False
v14_v10,v14_v10,v14_v10. Have you ever been forced to have sexual intercourse when you did not w,11,2013-2014..2023-2024,False
v2,v2,"v2. Been in a physical fight between groups of kids? - Past 12 months, how many",11,2013-2014..2023-2024,True
v3,v3,"v3. Used any weapon to threaten or bully someone? - Past 12 months, how many tim",11,2013-2014..2023-2024,True
v4,v4,"v4. Been hit, slapped, or physically hurt on purpose by your boyfriend or girlfr",11,2013-2014..2023-2024,False
v5,v5,v5. How safe do you feel in the neighborhood where you live?,11,2013-2014..2023-2024,False
v5_rp,v5_rp,v5_rp. Repeating v5,1,2013-2014..2013-2014,False
v6,v6,"v6. Past 30 days, on how many days did you not go to school because you felt uns",11,2013-2014..2023-2024,False
v7,v7,"v7. A gun? - Past 30 days, on how many days did you carry...",11,2013-2014..2023-2024,True
v7c10,v7c10,c10. has use of alcohol or other drugs ever caused you any of the following pro,1,2010-2011..2010-2011,False
v7c10,v7c10c,c10c. aod problems - have money problems?,1,2010-2011..2010-2011,False
v7c10a,v7c10a,"c10a. does not apply, i never used alcohol or other drugs",1,2010-2011..2010-2011,False
v7c10b,v7c10b,c10b. aod problems   get into trouble or have have problems with the police?,1,2010-2011..2010-2011,False
v7c10d,v7c10d,c10d. aod problems - get into trouble in school or miss school?,1,2010-2011..2010-2011,False
v7c10e,v7c10e,c10e. aod problems - to have problems with school work?,1,2010-2011..2010-2011,False
v7c10f,v7c10f,c10f. aod problems - to have a fight with other kids?,1,2010-2011..2010-2011,False
v7c10g,v7c10g,c10g. aod problems - to damage a friendship?,1,2010-2011..2010-2011,False
v7c10h,v7c10h,c10h. aod problems - to physically hurt or injure yourself?,1,2010-2011..2010-2011,False
v7c10i,v7c10i,c10i. aod problems - have unwanted or unprotected sex?,1,2010-2011..2010-2011,False
v7c10j,v7c10j,"c10j. aod problems - forget what happened, pass out or lose control?",1,2010-2011..2010-2011,False
v7c10k,v7c10k,c10k. aod problems - other problems?,1,2010-2011..2010-2011,False
v7c10l,v7c10l,c10l. i ve used alcohol or other drugs but never had any problems?,1,2010-2011..2010-2011,False
v7c11,v7c11,"c11. if you use alcohol or another drug, havge you done or experienced anyo of",1,2010-2011..2010-2011,False
v7c11,v7c11c,"c11c. aod experience   recently spent a lot of time getting, using, or being 'h",1,2010-2011..2010-2011,False
v7c11a,v7c11a,"c11a. does not apply, i do not use alcohol or drugs?",1,2010-2011..2010-2011,False
v7c11b,v7c11b,c11b. aod experience   found you had to increase how much you use to have the s,1,2010-2011..2010-2011,False
v7c11d,v7c11d,c11d. aod experience   used alcohol or drugs a lot more than you intended?,1,2010-2011..2010-2011,False
v7c11e,v7c11e,c11e. aod experience   used alcohol or drugs when you were alone?,1,2010-2011..2010-2011,False
v7c11f,v7c11f,"c11f. aod experience   felt depressed, uninterested in things, alone or isolate",1,2010-2011..2010-2011,False
v7c11g,v7c11g,c11g. aod experience   your use of alcohol or drugs often kept you from going t,1,2010-2011..2010-2011,False
v7c11h,v7c11h,c11h. aod experience   felt better when you were using alcohol or drugs than wh,1,2010-2011..2010-2011,False
v7c11i,v7c11i,c11i. aod experience   thought about reducing or stopping use?,1,2010-2011..2010-2011,False
v7c11j,v7c11j,c11j. aod experience   told yourself you were not going to use but found yourse,1,2010-2011..2010-2011,False
v7c11k,v7c11k,c11k. aod experience   spoke with someone about reducing or stopping use?,1,2010-2011..2010-2011,False
v7c11l,v7c11l,"c11l. aod experience   attended counseling, a program or group to help you redu",1,2010-2011..2010-2011,False
v7c8,v7c8,"c8. lifetime, used a needle to inject an illegal drug into your body?",1,2010-2011..2010-2011,False
v7c9,v7c9,"c9. lifetime, used steroid pills or shots without doctor s orders?",1,2010-2011..2010-2011,False
v7e18e17,v7e18e17,"e18/e17. past 12 months, ever had wheezing, chest, tightness, or trouble breath",1,2010-2011..2010-2011,False
v7e19e18,v7e19e18,"e19/e18. past 12 months, when exercising ever had wheezing, chest,tightness, or",1,2010-2011..2010-2011,False
v7e20e19,v7e20e19,"e20/e19. past 12 months, ever had a dry cough at night, even when you did not h",1,2010-2011..2010-2011,False
v7e21e20,v7e21e20,"e21/e20. past 12 months, been o a doctor or hospital for wheezing or trouble br",1,2010-2011..2010-2011,False
v8,v8,"v8. Any other weapon? - Past 30 days, on how many days did you carry...",11,2013-2014..2023-2024,True
v8_a10,v8_a10,a10. where do you live?,1,2010-2011..2010-2011,False
v9,v9,"v9. Any weapon on school property? - Past 30 days, on how many days did you carr",11,2013-2014..2023-2024,True
v9a21,v9a21,"a21. lifetime, tried cigarette, even one or two puffs?",1,2010-2011..2010-2011,False
v9a3227,v9a3227,"a32/a27. lifetime, used prescription painkillers?",1,2010-2011..2010-2011,False
v9a3429,v9a3429,"a34/a29. lifetime, used any other illegal drug (pcp, downers, pills not prescri",1,2010-2011..2010-2011,False
v9a4237,v9a4237,"a42/a37. used any other illegal drug, about how old were you?",1,2010-2011..2010-2011,False
v9a51,v9a51,"a51. past 30 days, use lsd or other psychedelics?",1,2010-2011..2010-2011,False
v9a5244,v9a5244,"a52/a44. past 30 days, use any other drug?",1,2010-2011..2010-2011,False
v9a53,v9a53,"a53. past 12 months, drive a vehicle while under influence of alcohol only?",1,2010-2011..2010-2011,False
v9a6151,v9a6151,"a61/a51. cigarettes, how harmful to use frequently?",1,2010-2011..2010-2011,False
v9a6252,v9a6252,"a62/a52. alcohol, how harmful to use frequently?",1,2010-2011..2010-2011,False
v9a6353,v9a6353,"a63/a53. marijuana, how harmful to use frequently?",1,2010-2011..2010-2011,False
v9a6959,v9a6959,"a69/a59. cigarettes, how much would your friends disapprove of you for using?",1,2010-2011..2010-2011,False
v9a7060,v9a7060,"a70/a60. alcohol, how much would your friends disapprove of you for using?",1,2010-2011..2010-2011,False
v9a7161,v9a7161,"a71/a61. marijuana, how much would your friends disapprove of you for using?",1,2010-2011..2010-2011,False
v9a9482,v9a9482,a94/a82. how much would your friends disapprove of you for carrying a weapon to,1,2010-2011..2010-2011,False
v9c12c5,v9c12c5,c12_c5. how likely do you think it is that you will smoke marijuana in the next,1,2010-2011..2010-2011,False
v9c14,v9c14,"c14. if you use marijuana or other drugs, how high do you usually get?",1,2010-2011..2010-2011,False
v9c15,v9c15,"c15. past 30 days, how many times driven a car when drinking?",1,2010-2011..2010-2011,False
v9c16c6,v9c16c6,c16_c6. how many of the adults you know use marijuana?,1,2010-2011..2010-2011,False
v9c17,v9c17,c17. how many of the adults you know use cocaine or crack?,1,2010-2011..2010-2011,False
v9c18,v9c18,c18. how many of the adults you know use methamphetamine?,1,2010-2011..2010-2011,False
v9c19,v9c19,c19. where do most kids at your school who use drugs get them?,1,2010-2011..2010-2011,False
v9c19,v9c19c,c19c. where kids get drugs--at home,1,2010-2011..2010-2011,False
v9c19a,v9c19a,c19a. where kids get drugs--at school,1,2010-2011..2010-2011,False
v9c19b,v9c19b,c19b. where kids get drugs--at parties or events outside of school,1,2010-2011..2010-2011,False
v9c19d,v9c19d,c19d. where kids get drugs--in the neighborhood,1,2010-2011..2010-2011,False
v9c19e,v9c19e,c19e. where kids get drugs--friends,1,2010-2011..2010-2011,False
v9c19f,v9c19f,c19f. where kids get drugs--dealers,1,2010-2011..2010-2011,False
v9c19g,v9c19g,c19g. where kids get drugs--other,1,2010-2011..2010-2011,False
v9c19h,v9c19h,c19h. where kids get drugs--don't know,1,2010-2011..2010-2011,False
v9c2711,v9c2711,"c27_c11. past 12 months, used money to bet or gamble?",1,2010-2011..2010-2011,False
v9c4,v9c4,"c4. past 6 months, used cocaine, meth, or other stimulants?",1,2010-2011..2010-2011,False
v9c5,v9c5,"c5. past 6 months, used psychedelics, ecstacy, other club drugs?",1,2010-2011..2010-2011,False
v9c6,v9c6,"c6. past 6 months, other drugs, heroin or sedatives?",1,2010-2011..2010-2011,False
v9mc4,v9mc4,"mc4. past 6 months, used any other drug?",1,2010-2011..2010-2011,False
v9mc7,v9mc7,"mc7. past 12 months, receive information or education about using alcohol and d",1,2010-2011..2010-2011,False
va9,va9,a9. how many times have you moved (changed where you live) during the past year,1,2010-2011..2010-2011,False
victimiz_any,victimiz_any,School violence victimization - average reporting '1 or more times',5,2019-2020..2023-2024,False
wa83_a76,wa83_a76,a83/a76. have you ever belonged to a gang?,1,2010-2011..2010-2011,False
wave_learnfh,wave_learnfh,Wave - Learning from Home Module,2,2019-2020..2020-2021,False
weight,weight,Weight,3,2010-2011..2012-2013,True
weight_lb,weight_lb,weight_lb. Weight in pounds,11,2013-2014..2023-2024,True
wgt_class_othersamp,wgt_class_othersamp,Classroom sampling weight for LAUSD students in other samples,1,2023-2024..2023-2024,False
wgt_class_samp,wgt_class_samp,Classroom sampling weight for districts that sampled,6,2016-2017..2023-2024,True
wgt_prepost,wgt_prepost,Weight for pre/post surveys - no. responses / total by prepost and by grade,3,2020-2021..2023-2024,False
wgt_schl_samp,wgt_schl_samp,School sampling weight for districts that sampled,6,2016-2017..2023-2024,True
wh,wh,wh,1,2010-2011..2010-2011,False
when,when,(unlabeled),1,2010-2011..2010-2011,False
whichfile,whichfile,(unlabeled),1,2010-2011..2010-2011,False
wo,wo,wo,1,2010-2011..2010-2011,False
wt,wt,wt,1,2010-2011..2010-2011,False
wt_100th,wt_100th,wt_100th. Hundreds column - How much do you weigh without your shoes on?,11,2013-2014..2023-2024,True
wt_10th,wt_10th,wt_10th. Tens column - How much do you weigh without your shoes on?,11,2013-2014..2023-2024,True
wt_1s,wt_1s,wt_1s. Ones column - How much do you weigh without your shoes on?,11,2013-2014..2023-2024,True
wt_recoded_lb,wt_recoded_lb,Recoded data on weight in pound,1,2013-2014..2013-2014,False
wt_text,wt_text,Text data on weight,1,2013-2014..2013-2014,False
xa10,xa10,a10. how long have you lived in california?,1,2010-2011..2010-2011,False
xa13,xa13,"a13. lifetime, smoked a cigar, cigarillo, or little cigar?",1,2010-2011..2010-2011,False
xa24_a19,xa24_a19,"a24/a19. lifetime, been drunk or high at school?",1,2010-2011..2010-2011,False
xa30_a25,xa30_a25,"a30/a25. past 30 days, smoked cigars, cigarillos, little cigars?",1,2010-2011..2010-2011,False
xa31,xa31,"a31. lifetime, used a needle to inject a drug?",1,2010-2011..2010-2011,False
xa32,xa32,"a32. lifetime, used steroid pills or shots without doctor?",1,2010-2011..2010-2011,False
xa39,xa39,"a39. past 30 days, used steroid pills or shots?",1,2010-2011..2010-2011,False
xa41_a32,xa41_a32,"a41/a32. past 30 days, used more than one drug at the same time",1,2010-2011..2010-2011,False
xa42_a33,xa42_a33,"a42/a33. past 30 days, how many cigarettes did you smoke per day?",1,2010-2011..2010-2011,False
xa5,xa5,a5. were you born in the united states (usa)?,1,2010-2011..2010-2011,False
xa54,xa54,"a54. other drugs, how difficult for students to get?",1,2010-2011..2010-2011,False
xa59a43a,xa59a43a,a59/a43a. most student users get drugs from friends,1,2010-2011..2010-2011,False
xa59a43b,xa59a43b,a59/a43b. most student users get drugs from parents or other relatives,1,2010-2011..2010-2011,False
xa59a43c,xa59a43c,a59/a43c. most student users get drugs from dealers,1,2010-2011..2010-2011,False
xa59a43d,xa59a43d,"a59/a43d. most student users get drugs from, do not know",1,2010-2011..2010-2011,False
xa60,xa60,"a60. cocaine, how difficult is it for students to get?",1,2010-2011..2010-2011,False
xa61_a45,xa61_a45,"a61/a45. past 12 months, been harassed at school because of race, ethnicity, sex",1,2010-2011..2010-2011,False
xa62_a46,xa62_a46,"a62/a46. past 12 months, been harassed at school because of your gender (being m",1,2010-2011..2010-2011,False
xa63,xa63,"a63 past 30 days, how many times driven a car when drinking?",1,2010-2011..2010-2011,False
xa65_a49,xa65_a49,"a65/a49. past 12 months, damaged school property on purpose?",1,2010-2011..2010-2011,False
xa66_a50,xa66_a50,"a66/a50. past 12 months, injured from a physical fight on school property?",1,2010-2011..2010-2011,False
xa6b,xa6b,a6b. ethnicity-asian american or pacific islander,1,2010-2011..2010-2011,False
xa74_a58,xa74_a58,"a74/a58. past 30 days, how many days did not go to school because you felt unsa",1,2010-2011..2010-2011,False
xa8,xa8,a8.  how long have you attended this school?,1,2010-2011..2010-2011,False
xa85_a69,xa85_a69,"a85/a69. past 12 months, how often felt so sad and hopeless that you could not d",1,2010-2011..2010-2011,False
xa9,xa9,a9.  how long have you lived in your neighborhood?,1,2010-2011..2010-2011,False
xb10_b9,xb10_b9,b10/b9. how do you think most adults in your neighborhood would feel about stude,1,2010-2011..2010-2011,False
xb11,xb11,b11. does your school have any special groups or classes for students who want,1,2010-2011..2010-2011,False
xb12,xb12,b12. does your school have a rule that students are not allowed to smoke anywhe,1,2010-2011..2010-2011,False
xb14,xb14,b14. has drinking alcohol ever caused you to get a traffic ticket or have a traf,1,2010-2011..2010-2011,False
xb15,xb15,b15. has drinking alcohol ever caused you to get arrested?,1,2010-2011..2010-2011,False
xb16,xb16,b16. has drinking alcohol ever caused you to have problems with your school work,1,2010-2011..2010-2011,False
xb17,xb17,b17. has drinking alcohol ever caused you to pass out?,1,2010-2011..2010-2011,False
xb18,xb18,"b18. out of every 100 adults you know, how many do you think smoke cigarettes o",1,2010-2011..2010-2011,False
xb19,xb19,b19. has use of marijuana or other drug ever caused you to get traffic ticket/ha,1,2010-2011..2010-2011,False
xb20,xb20,b20. has use of marijuana or other drug ever caused you to get arrested?,1,2010-2011..2010-2011,False
xb21,xb21,b21. has use of marijuana or other drug ever caused you to get into trouble at s,1,2010-2011..2010-2011,False
xb22,xb22,b22. has use of marijuana or other drug ever caused you to have trouble with you,1,2010-2011..2010-2011,False
xb23_b13,xb23_b13,"b23/b13. past two weeks, how many times have you had five or more alcoholic drin",1,2010-2011..2010-2011,False
xb28,xb28,b28. how would you feel about another student your age smoking cigarettes every,1,2010-2011..2010-2011,False
xb29,xb29,b29. how would you feel about another student your age smoking cigarettes once,1,2010-2011..2010-2011,False
xb3,xb3,"b3. past 30 days, how many days did you use chewing tobacco or snuff?",1,2010-2011..2010-2011,False
xb39_b26,xb39_b26,"b39/b26. past 12 months, stolen or tried to steal a motor vehicle (car, truck, o",1,2010-2011..2010-2011,False
xc1,xc1,"c1. out of every 100 students your age in your school, how many drink alcohol 1",1,2010-2011..2010-2011,False
xc11,xc11,c11. how likely do you think it is that you will use chewing tobacco or snuff in,1,2010-2011..2010-2011,False
xc16,xc16,"c16. past 12 months, did you use or wear any products with cigarette advertising",1,2010-2011..2010-2011,False
xc21,xc21,"c21. how hard would it be for you to refuse or say ""no"" to a friend who offered",1,2010-2011..2010-2011,False
xc22,xc22,"c22. other drugs, how many times have you tried to stop using?",1,2010-2011..2010-2011,False
xc29,xc29,"c29. smoking is dangerous, agree?",1,2010-2011..2010-2011,False
xc29_c13,xc29_c13,"c29/c13. past 12 months, attacked someone to injure them how many times?",1,2010-2011..2010-2011,False
xc30,xc30,"c30. past 30 days, what brand of cigarettes did you usually smoke? (select only",1,2010-2011..2010-2011,False
xc32_c16,xc32_c16,"c32/c16. past 30 days, damaged school property on purpose how many times?",1,2010-2011..2010-2011,False
xc36_c20,xc36_c20,c36/c20. how do you feel about students your age trying 1 or 2 drinks of an alc,1,2010-2011..2010-2011,False
xc37_c21,xc37_c21,c37/c21. how do you feel about students your age having 5 or more drinks at the,1,2010-2011..2010-2011,False
xc38_c22,xc38_c22,c38/c22. how do you feel about students your age smoking marijuana once or twic,1,2010-2011..2010-2011,False
xc39_c23,xc39_c23,c39/c23. how do you feel about students your age smoking marijuana a lot of tim,1,2010-2011..2010-2011,False
xc4,xc4,"c4. if you ever smoked cigarettes, how did you get them the last time you smoked",1,2010-2011..2010-2011,False
xc42_c26,xc42_c26,c42/c26. how would your best friends would feel if you used other drugs?,1,2010-2011..2010-2011,False
xc5,xc5,"c5. if you ever bought cigarettes, were you asked to show proof of age the last",1,2010-2011..2010-2011,False
xd10_d9,xd10_d9,"d10/d9. on an average school day, how many hours do you use a computer for fun o",1,2010-2011..2010-2011,False
xd13_d12,xd13_d12,d13/d12. wear sunscreen/sun block lotion with a 15+ spf when outside for 1+ hour,1,2010-2011..2010-2011,False
xd14_d13,xd14_d13,"d14/d13. past 30 days, how many glasses of milk did you drink per day?",1,2010-2011..2010-2011,False
xd16_d15,xd16_d15,"d16/d15. past 12 months, times injured at work and had to be treated by a doctor",1,2010-2011..2010-2011,False
xf1,xf1,"f1. notices when i am upset, a friend my age does.",1,2010-2011..2010-2011,False
xf10,xf10,"f10. usually to busy to pay attention to me, parent or adult in my home is.",1,2010-2011..2010-2011,False
xf100,xf100,f100. i understood the questions on this survey.,1,2010-2011..2010-2011,False
xf101,xf101,f101. i answered the questions on this survey carefully.,1,2010-2011..2010-2011,False
xf102,xf102,f102. i answered the questions on this survey honestly.,1,2010-2011..2010-2011,False
xf11,xf11,"f11. talks with me about my problems, parent or adult in my home does.",1,2010-2011..2010-2011,False
xf12,xf12,"f12. always wants me to do my best, parent or adult in my home does.",1,2010-2011..2010-2011,False
xf13,xf13,"f13. listens to me when i have something to say, parent or adult in my home doe",1,2010-2011..2010-2011,False
xf14,xf14,"f14. tells me when i do a good job, parent or adult in my home does.",1,2010-2011..2010-2011,False
xf15,xf15,f15. i don't like helping others.,1,2010-2011..2010-2011,False
xf16,xf16,f16. i do regular chores or jobs at home.,1,2010-2011..2010-2011,False
xf17,xf17,f17. i believe that all people should get respect.,1,2010-2011..2010-2011,False
xf18,xf18,f18. i feel bad when someone gets their feelings hurt.,1,2010-2011..2010-2011,False
xf19,xf19,f19. i do fun things or go fun places with my parents or other adults.,1,2010-2011..2010-2011,False
xf2,xf2,"f2. really cares about me, a friend my age does.",1,2010-2011..2010-2011,False
xf20,xf20,f20. i try to understand what other people go through.,1,2010-2011..2010-2011,False
xf21,xf21,f21. i enjoy helping others.,1,2010-2011..2010-2011,False
xf22,xf22,"f22. if i can't do something the first time, i give up.",1,2010-2011..2010-2011,False
xf23,xf23,f23. when i need help i find someone to talk with.,1,2010-2011..2010-2011,False
xf24,xf24,f24. i know where to go for help with a problem.,1,2010-2011..2010-2011,False
xf25,xf25,f25. i learn from people who are different than me.,1,2010-2011..2010-2011,False
xf26,xf26,f26. i try to look at all sides of a question or issue.,1,2010-2011..2010-2011,False
xf27,xf27,f27. i try to work out problems by talking about them.,1,2010-2011..2010-2011,False
xf28,xf28,f28. my friends get into a lot of trouble.,1,2010-2011..2010-2011,False
xf29,xf29,f29. i do interesting activities at school.,1,2010-2011..2010-2011,False
xf3,xf3,"f3. often makes fun of me, a friend my age does.",1,2010-2011..2010-2011,False
xf30,xf30,f30. i do things at my school that make a difference.,1,2010-2011..2010-2011,False
xf31,xf31,"f31. i am part of a club, sports team, or other extra activity at school.",1,2010-2011..2010-2011,False
xf32,xf32,f32. my friends try to do what is right.,1,2010-2011..2010-2011,False
xf33,xf33,f33. i do things at home that make a difference.,1,2010-2011..2010-2011,False
xf34,xf34,f34. my friends lie to their parents a lot.,1,2010-2011..2010-2011,False
xf35,xf35,f35. my friends do well in school.,1,2010-2011..2010-2011,False
xf36,xf36,f36. i help make decisions with my family.,1,2010-2011..2010-2011,False
xf37,xf37,f37. at school i help decide things like class activities or rules.,1,2010-2011..2010-2011,False
xf38,xf38,f38. i try to do what is fair.,1,2010-2011..2010-2011,False
xf39,xf39,"f39. if someone is treating me badly, i walk away.",1,2010-2011..2010-2011,False
xf4,xf4,"f4. talks with me about my problems, a friend my age does.",1,2010-2011..2010-2011,False
xf40,xf40,"f40. cares about me, teacher or adult at school does.",1,2010-2011..2010-2011,False
xf41,xf41,"f41. tells me when i do a good job, teacher or adult at school does.",1,2010-2011..2010-2011,False
xf42,xf42,"f42. notices when i'm not there, teacher or adult at school does.",1,2010-2011..2010-2011,False
xf43,xf43,"f43. mean to me, teacher or adult at school is.",1,2010-2011..2010-2011,False
xf44,xf44,"f44. always wants me to do my best, teacher or adult at school does.",1,2010-2011..2010-2011,False
xf45,xf45,"f45. listens to me when i have something to say, teacher or adult at school doe",1,2010-2011..2010-2011,False
xf46,xf46,"f46. expects me to follow the rules, teacher or adult at school does.",1,2010-2011..2010-2011,False
xf47,xf47,"f47. talks with me about my problems, teacher or adult at school does.",1,2010-2011..2010-2011,False
xf48,xf48,"f48. believes that i will be a success, teacher or adult at school does.",1,2010-2011..2010-2011,False
xf49,xf49,f49. i often give up before i get something right.,1,2010-2011..2010-2011,False
xf5,xf5,"f5. helps when i'm having a hard time, a friend my age does.",1,2010-2011..2010-2011,False
xf50,xf50,f50. i stand up for the things i believe in.,1,2010-2011..2010-2011,False
xf51,xf51,f51. i can make good things happen for myself.,1,2010-2011..2010-2011,False
xf52,xf52,f52. i try to do what is right.,1,2010-2011..2010-2011,False
xf53,xf53,f53. i believe i can work out my problems.,1,2010-2011..2010-2011,False
xf54,xf54,f54. i can do most things if i try.,1,2010-2011..2010-2011,False
xf55,xf55,f55. i can work with someone whose opinions are different than mine.,1,2010-2011..2010-2011,False
xf56,xf56,f56. i don't like being with people who are different than me.,1,2010-2011..2010-2011,False
xf57,xf57,f57. there are many things that i do well.,1,2010-2011..2010-2011,False
xf58,xf58,f58. i enjoy working together with other students my age.,1,2010-2011..2010-2011,False
xf59,xf59,f59. i walk away from trouble.,1,2010-2011..2010-2011,False
xf6,xf6,"f6. really cares about me, parent or adult in my home does.",1,2010-2011..2010-2011,False
xf60,xf60,f60. i stand up for myself without putting others down.,1,2010-2011..2010-2011,False
xf61,xf61,f61. people like me can be very successful.,1,2010-2011..2010-2011,False
xf62,xf62,"f62. i do things to make my neighborhood, town or city a better place.",1,2010-2011..2010-2011,False
xf63,xf63,f63. i have a job where i earn money.,1,2010-2011..2010-2011,False
xf64,xf64,f64. i try to understand how other people feel and think.,1,2010-2011..2010-2011,False
xf65,xf65,f65. i keep feelings to myself.,1,2010-2011..2010-2011,False
xf66,xf66,f66. i try to take care of my friends when they get their feelings hurt.,1,2010-2011..2010-2011,False
xf67,xf67,f67. there are no fun things to do in my neighborhood.,1,2010-2011..2010-2011,False
xf68,xf68,"f68. when i am talking with someone, i pay attention to what they are saying.",1,2010-2011..2010-2011,False
xf69,xf69,f69. i am not responsible for my own behavior.,1,2010-2011..2010-2011,False
xf7,xf7,"f7. expects me to follow rules, parent or adult in my home does.",1,2010-2011..2010-2011,False
xf70,xf70,f70. i get along with people from other races and cultures.,1,2010-2011..2010-2011,False
xf71,xf71,f71. there will always be people in my life that i can count on.,1,2010-2011..2010-2011,False
xf72,xf72,"f72. really cares about me, adult outside of home or school does.",1,2010-2011..2010-2011,False
xf73,xf73,"f73. tells me when i do a good job, adult outside of home or school does.",1,2010-2011..2010-2011,False
xf74,xf74,"f74. notices when i am upset about something, adult outside of home or school d",1,2010-2011..2010-2011,False
xf75,xf75,"f75. mean to me, adult outside of home or school is.",1,2010-2011..2010-2011,False
xf76,xf76,"f76. believes that i will be a success, adult outside of home or school does.",1,2010-2011..2010-2011,False
xf77,xf77,"f77. talks with me about my problems, adult outside of home or school does.",1,2010-2011..2010-2011,False
xf78,xf78,"f78. always wants me to do my best, adult outside of home or school does.",1,2010-2011..2010-2011,False
xf79,xf79,f79. i trust an adult outside of home or school.,1,2010-2011..2010-2011,False
xf8,xf8,"f8. interested in my school work, parent or adult in my home is.",1,2010-2011..2010-2011,False
xf80,xf80,"f80. expects me to follow the rules, an adult outside of home or school does.",1,2010-2011..2010-2011,False
xf81,xf81,f81. there is a purpose in my life.,1,2010-2011..2010-2011,False
xf82,xf82,f82. i know that i am good at some things and not good at other things.,1,2010-2011..2010-2011,False
xf83,xf83,f83. i understand my moods and feelings.,1,2010-2011..2010-2011,False
xf84,xf84,"f84. i am part of a club, sports team, or other extra activity away from school",1,2010-2011..2010-2011,False
xf85,xf85,f85. i feel like i am alone in the world.,1,2010-2011..2010-2011,False
xf86,xf86,f86. i try to do my best at whatever i do.,1,2010-2011..2010-2011,False
xf87,xf87,"f87. when i am an adult, people will respect me.",1,2010-2011..2010-2011,False
xf88,xf88,f88. i don't know what i want out of life.,1,2010-2011..2010-2011,False
xf89,xf89,f89. i work hard on my homework.,1,2010-2011..2010-2011,False
xf9,xf9,"f9. believes i will be a success, parent or adult in my home does.",1,2010-2011..2010-2011,False
xf90,xf90,f90. i try to understand my moods and feelings.,1,2010-2011..2010-2011,False
xf91,xf91,f91. i have goals and plans for the future.,1,2010-2011..2010-2011,False
xf92,xf92,f92. i plan to graduate from high school.,1,2010-2011..2010-2011,False
xf93,xf93,f93. i believe that school is a waste of time.,1,2010-2011..2010-2011,False
xf94,xf94,f94. the choices i make now will affect my future.,1,2010-2011..2010-2011,False
xf95,xf95,f95. i plan to go to college or some other school after high school.,1,2010-2011..2010-2011,False
xf96,xf96,f96. i work to be successful at whatever i do.,1,2010-2011..2010-2011,False
xf97,xf97,f97. i do regular chores or jobs at home.,1,2010-2011..2010-2011,False
xf98,xf98,f98. i believe that all people should get respect.,1,2010-2011..2010-2011,False
xf99,xf99,f99. i enjoy helping others.,1,2010-2011..2010-2011,False
xma4,xma4,/a4. in what grade are you?,1,2010-2011..2010-2011,False
xmb19,xmb19,"/b19. past 30 days, if you smoked cigarettes, how did you usually get them?",1,2010-2011..2010-2011,False
xmc29,xmc29,"/c29. inhalants, how many of the adults you know regularly use (about one or mo",1,2010-2011..2010-2011,False
xme2,xme2,/e2. how old were you when you had sexual intercourse for the first time?,1,2010-2011..2010-2011,False
xmodule_aod_notbhm,xmodule_aod_notbhm,Data on any items in AOD (not from BHM Form A),2,2022-2023..2023-2024,False
xmodule_bhmforma_rand,xmodule_bhmforma_rand,Data on any BHM Form A (AOD) questions (randomized sample),1,2023-2024..2023-2024,False
xmodule_bhmformb_notbhm,xmodule_bhmformb_notbhm,Data on any items in BHM Form B (not from BHM Form B),1,2023-2024..2023-2024,False
xmodule_bhmformb_rand,xmodule_bhmformb_rand,Data on any BHM Form B questions (randomized sample),1,2023-2024..2023-2024,False
xmodule_mhs_inbhm,xmodule_mhs_inbhm,Data on any MHS questions (from BHM Form B),1,2022-2023..2022-2023,False
xmodule_mhs_notbhm,xmodule_mhs_notbhm,Data on any MHS questions (not from BHM Form B),1,2022-2023..2022-2023,False
xmodule_mhsup_notbhm,xmodule_mhsup_notbhm,Data on any MHS questions (not from BHM Form B),1,2023-2024..2023-2024,False
xmodule_trauma_inbhm,xmodule_trauma_inbhm,Data on any Trauma questions (from BHM Form B),1,2022-2023..2022-2023,False
xmodule_trauma_notbhm,xmodule_trauma_notbhm,Data on any Trauma questions (not from BHM Form B),2,2022-2023..2023-2024,False
xyb18,xyb18,"b18. out of every 100 adults you know, how many do you think smoke cigarettes o",1,2010-2011..2010-2011,False
ya13_a11,ya13_a11,"a13/a11. past week, how many times drink a glass of milk?",1,2010-2011..2010-2011,False
ya14_a12,ya14_a12,"a14/a12. past week, how many times drink fruit juices, such as orange, apple or",1,2010-2011..2010-2011,False
ya15_a13,ya15_a13,"a15/a13. past week, how many times eat fruit? (do not count fruit juice.)",1,2010-2011..2010-2011,False
ya16_a14,ya16_a14,"a16/a14. past week, how many times eat green salad?",1,2010-2011..2010-2011,False
ya17_a15,ya17_a15,"a17/a15. past week, how many times eat potatoes? (not french fries, fried potat",1,2010-2011..2010-2011,False
ya18_a16,ya18_a16,"a18/a16. past week, how many times eat carrots?",1,2010-2011..2010-2011,False
ya19_a17,ya19_a17,"a19/a17. past week, how many times eat other vegetables?",1,2010-2011..2010-2011,False
ya45,ya45,"a45. past 30 days, use any other illegal drug?",1,2010-2011..2010-2011,False
ya52,ya52,"a52. methamphetamines, how harmful to use occasionally?",1,2010-2011..2010-2011,False
ya56,ya56,"a56. methamphetamines, how harmful to use frequently?",1,2010-2011..2010-2011,False
ya60,ya60,"a60. methamphetamines, how difficult is it for students to get?",1,2010-2011..2010-2011,False
ya64_a51,ya64_a51,"a64/a51. past 12 months, been harassed because of your race, ethnicity, gender,",1,2010-2011..2010-2011,False
ya69_a56,ya69_a56,"a69/a56. knife, how many days have you carried on  school property, past 30 day",1,2010-2011..2010-2011,False
ya70_a57,ya70_a57,"a70/a57. club or bat, how many days have you carried  on school property, past",1,2010-2011..2010-2011,False
yb18,yb18,"b18. past 30 days, if you bought cigarettes, were you ever asked to show proof",1,2010-2011..2010-2011,False
yb2,yb2,"b2. past 30 days, how many days did you smoke tobacco in a pipe?",1,2010-2011..2010-2011,False
yb26,yb26,b26. how do you think your friends would feel if you smoked cigarettes?,1,2010-2011..2010-2011,False
yc12_c7,yc12_c7,"c12/c7. past 6 months, used any other drug (such as pcp, barbituates, or sedati",1,2010-2011..2010-2011,False
yc2,yc2,c2. about what percent of students in your school do you think use marijuana at,1,2010-2011..2010-2011,False
yc31_c9,yc31_c9,"c31/c9. past 12 months, been in a physical fight in which you were injured how",1,2010-2011..2010-2011,False
yc41_c18,yc41_c18,c41/c18. how do you think your friends would feel if you got drunk?,1,2010-2011..2010-2011,False
yc42_c19,yc42_c19,c42/c19. how would your friends would feel if you used marijuana?,1,2010-2011..2010-2011,False
yc43,yc43,c43. how would your friends would feel if you used methamphetamine?,1,2010-2011..2010-2011,False
yd10,yd10,"d10. past 12 months, times injured while exercising /being physically active an",1,2010-2011..2010-2011,False
yd11,yd11,"d11. during the past 7 days, how many glasses of milk did you drink per day?",1,2010-2011..2010-2011,False
yd9,yd9,"d9. during the past 12 months, on how many sports teams did you play?",1,2010-2011..2010-2011,False
yma36,yma36,"/a36. past 30 days, used any other illegal drug (such as cocaine, methamphetami",1,2010-2011..2010-2011,False
yma43,yma43,"/a43. inhalants, how harmful to use occasionally?",1,2010-2011..2010-2011,False
yma47,yma47,"/a47. inhalants, how harmful to use frequently?",1,2010-2011..2010-2011,False
ymc20,ymc20,/c20. how would your friends would feel if you used inhalents?,1,2010-2011..2010-2011,False
ymc25,ymc25,"/c25. lifetime, did you ever seriously consider attempting suicide?",1,2010-2011..2010-2011,False
ymc26,ymc26,"/c26. lifetime, did you ever make a plan about how you would attempt suicide?",1,2010-2011..2010-2011,False
ymd10,ymd10,"/d10. past 12 months, ever been injured while exercising /being physically acti",1,2010-2011..2010-2011,False
za50_a41,za50_a41,"a50/a41. cigarettes, how harmful to use occasionally?",1,2010-2011..2010-2011,False
za51_a42,za51_a42,"a51/a42. alcohol, how harmful to use occasionally?",1,2010-2011..2010-2011,False
za52_a43,za52_a43,"a52/a43. marijuana, how harmful to use occasionally?",1,2010-2011..2010-2011,False
za53,za53,"a53. ecstacy, how harmful to use occasionally?",1,2010-2011..2010-2011,False
za54_a44,za54_a44,(unlabeled),1,2010-2011..2010-2011,False
za55_a45,za55_a45,(unlabeled),1,2010-2011..2010-2011,False
za56_a46,za56_a46,(unlabeled),1,2010-2011..2010-2011,False
za82_a73,za82_a73,"a82/a73. past 30 days, how many days did you carry a gun on  school property?",1,2010-2011..2010-2011,False
za83_a74,za83_a74,"a83/a74. past 30 days, any other weapon, how many days have you  carried on sch",1,2010-2011..2010-2011,False
za90_a82,za90_a82,a90/a82. i understood the questions on this survey.,1,2010-2011..2010-2011,False
za91_a83,za91_a83,a91/a83. i answered the questions on this survey carefully.,1,2010-2011..2010-2011,False
zaa10_1011,zaa10_1011,zaa10_1011. a10 on 2010-11 survey,1,2013-2014..2013-2014,False
zaa122_1011,zaa122_1011,zaa122_1011. a122 on 2010-11 survey,1,2013-2014..2013-2014,False
zaa25_1011,zaa25_1011,zaa25_1011. a25 on 2010-11 survey,1,2013-2014..2013-2014,False
zaa26_1011,zaa26_1011,zaa26_1011. a26 on 2010-11 survey,1,2013-2014..2013-2014,False
zaa27_1011,zaa27_1011,zaa27_1011. a27 on 2010-11 survey,1,2013-2014..2013-2014,False
zaa28_1011,zaa28_1011,zaa28_1011. a28 on 2010-11 survey,1,2013-2014..2013-2014,False
zaa29_1011,zaa29_1011,zaa29_1011. a29 on 2010-11 survey,1,2013-2014..2013-2014,False
zaa30_1011,zaa30_1011,zaa30_1011. a30 on 2010-11 survey,1,2013-2014..2013-2014,False
zaa31_1011,zaa31_1011,zaa31_1011. a31 on 2010-11 survey,1,2013-2014..2013-2014,False
zaa32_1011,zaa32_1011,zaa32_1011. a32 on 2010-11 survey,1,2013-2014..2013-2014,False
zaa33_1011,zaa33_1011,zaa33_1011. a33 on 2010-11 survey,1,2013-2014..2013-2014,False
zaa41_1011,zaa41_1011,zaa41_1011. a41 on 2010-11 survey,1,2013-2014..2013-2014,False
zaa44_1011,zaa44_1011,zaa44_1011. a44 on 2010-11 survey,1,2013-2014..2013-2014,False
zaa45_1011,zaa45_1011,zaa45_1011. a45 on 2010-11 survey,1,2013-2014..2013-2014,False
zaa48_1011,zaa48_1011,zaa48_1011. a48 on 2010-11 survey,1,2013-2014..2013-2014,False
zaa49_1011,zaa49_1011,zaa49_1011. a49 on 2010-11 survey,1,2013-2014..2013-2014,False
zaa67_1011,zaa67_1011,zaa67_1011. a67 on 2010-11 survey,1,2013-2014..2013-2014,False
zaa68_1011,zaa68_1011,zaa68_1011. a68 on 2010-11 survey,1,2013-2014..2013-2014,False
zaa69_1011,zaa69_1011,zaa69_1011. a69 on 2010-11 survey,1,2013-2014..2013-2014,False
zaa76_1011,zaa76_1011,zaa76_1011. a76 on 2010-11 survey,1,2013-2014..2013-2014,False
zaa77_1011,zaa77_1011,zaa77_1011. a77 on 2010-11 survey,1,2013-2014..2013-2014,False
zaa87_1011,zaa87_1011,zaa87_1011. a87 on 2010-11 survey,1,2013-2014..2013-2014,False
zaa88_1011,zaa88_1011,zaa88_1011. a88 on 2010-11 survey,1,2013-2014..2013-2014,False
zaa90a_1011,zaa90a_1011,zaa90a_1011. a90a on 2010-11 survey,1,2013-2014..2013-2014,False
zaa90b_1011,zaa90b_1011,zaa90b_1011. a90b on 2010-11 survey,1,2013-2014..2013-2014,False
zaa90c_1011,zaa90c_1011,zaa90c_1011. a90c on 2010-11 survey,1,2013-2014..2013-2014,False
zaa90d_1011,zaa90d_1011,zaa90d_1011. a90d on 2010-11 survey,1,2013-2014..2013-2014,False
zaa90e_1011,zaa90e_1011,zaa90e_1011. a90e on 2010-11 survey,1,2013-2014..2013-2014,False
zaa90f_1011,zaa90f_1011,zaa90f_1011. a90f on 2010-11 survey,1,2013-2014..2013-2014,False
zaa90g_1011,zaa90g_1011,zaa90g_1011. a90g on 2010-11 survey,1,2013-2014..2013-2014,False
zaa90h_1011,zaa90h_1011,zaa90h_1011. a90h on 2010-11 survey,1,2013-2014..2013-2014,False
zaa90i_1011,zaa90i_1011,zaa90i_1011. a90i on 2010-11 survey,1,2013-2014..2013-2014,False
zaa90j_1011,zaa90j_1011,zaa90j_1011. a90j on 2010-11 survey,1,2013-2014..2013-2014,False
zaa90k_1011,zaa90k_1011,zaa90k_1011. a90k on 2010-11 survey,1,2013-2014..2013-2014,False
zaa90l_1011,zaa90l_1011,zaa90l_1011. a90l on 2010-11 survey,1,2013-2014..2013-2014,False
zaa90m_1011,zaa90m_1011,zaa90m_1011. a90m on 2010-11 survey,1,2013-2014..2013-2014,False
zaa92_1011,zaa92_1011,zaa92_1011. a92 on 2010-11 survey,1,2013-2014..2013-2014,False
zaa93_1011,zaa93_1011,zaa93_1011. a93 on 2010-11 survey,1,2013-2014..2013-2014,False
zaa94_1011,zaa94_1011,zaa94_1011. a94 on 2010-11 survey,1,2013-2014..2013-2014,False
zaa95_1011,zaa95_1011,zaa95_1011. a95 on 2010-11 survey,1,2013-2014..2013-2014,False
zaa96_1011,zaa96_1011,zaa96_1011. a96 on 2010-11 survey,1,2013-2014..2013-2014,False
zaa97a_1011,zaa97a_1011,zaa97a_1011. a97a on 2010-11 survey,1,2013-2014..2013-2014,False
zaa97b_1011,zaa97b_1011,zaa97b_1011. a97b on 2010-11 survey,1,2013-2014..2013-2014,False
zaa97c_1011,zaa97c_1011,zaa97c_1011. a97c on 2010-11 survey,1,2013-2014..2013-2014,False
zaa97d_1011,zaa97d_1011,zaa97d_1011. a97d on 2010-11 survey,1,2013-2014..2013-2014,False
zaa97e_1011,zaa97e_1011,zaa97e_1011. a97e on 2010-11 survey,1,2013-2014..2013-2014,False
zaa97f_1011,zaa97f_1011,zaa97f_1011. a97f on 2010-11 survey,1,2013-2014..2013-2014,False
zaa97g_1011,zaa97g_1011,zaa97g_1011. a97g on 2010-11 survey,1,2013-2014..2013-2014,False
zaa97h_1011,zaa97h_1011,zaa97h_1011. a97h on 2010-11 survey,1,2013-2014..2013-2014,False
zaa97i_1011,zaa97i_1011,zaa97i_1011. a97i on 2010-11 survey,1,2013-2014..2013-2014,False
zaa97j_1011,zaa97j_1011,zaa97j_1011. a97j on 2010-11 survey,1,2013-2014..2013-2014,False
zaa97k_1011,zaa97k_1011,zaa97k_1011. a97k on 2010-11 survey,1,2013-2014..2013-2014,False
zaa97l_1011,zaa97l_1011,zaa97l_1011. a97l on 2010-11 survey,1,2013-2014..2013-2014,False
zaa98_1011,zaa98_1011,zaa98_1011. a98 on 2010-11 survey,1,2013-2014..2013-2014,False
zaa99_1011,zaa99_1011,zaa99_1011. a99 on 2010-11 survey,1,2013-2014..2013-2014,False
zc13m,zc13m,c13m. i've used alcohol and other drugs but never had any problems,1,2010-2011..2010-2011,False
zc4,zc4,"c4. past 6 months, used derbisol (db, derbs, or dirt)?",1,2010-2011..2010-2011,False
zc5,zc5,"c5. past 6 months, used cocaine?",1,2010-2011..2010-2011,False
zc6,zc6,"c6. past 6 months, used methamphetamine or amphetamines?",1,2010-2011..2010-2011,False
zc7,zc7,"c7. past 6 months, used lsd or other psychedelics?",1,2010-2011..2010-2011,False
zc8,zc8,"c8. past 6 months, used ecstasy?",1,2010-2011..2010-2011,False
zc9,zc9,"c9. past 6 months, used heroin?",1,2010-2011..2010-2011,False
zma27,zma27,"ma27. lifetime, used any other illegal drug (ecstacy,pcp, heroin, downers, pill",1,2010-2011..2010-2011,False
zma51,zma51,ma51. about what percent of students in your grade do you think drink alcohol a,1,2010-2011..2010-2011,False
zr3,zr3,"r3. teases me too much, a friend my age does.",1,2010-2011..2010-2011,False
zr35,zr35,"r35. mean to me, teacher or adult at school is.",1,2010-2011..2010-2011,False
zr46,zr46,r46. i feel like i am alone in the world.,1,2010-2011..2010-2011,False
zr53,zr53,r53. i am confused about what i want out of life.,1,2010-2011..2010-2011,False
zr8,zr8,"r8. usually too busy to pay attention to me, parent or adult in my home is.",1,2010-2011..2010-2011,False
zzc16,zzc16,c13b. aod problems - get a traffic ticket/have a traffic accident?,1,2010-2011..2010-2011,False
zzc17,zzc17,c17. has use of alcohol or other drugs ever caused you to get arrested?,1,2010-2011..2010-2011,False
zzc18,zzc18,c13e. aod problems - get into trouble at school?,1,2010-2011..2010-2011,False
zzc19,zzc19,c13d. aod problems - have money problems?,1,2010-2011..2010-2011,False
zzc20,zzc20,c13f. aod problems - to have problems with school work?,1,2010-2011..2010-2011,False
zzc21,zzc21,c13g. aod problems - to have a fight with other kids?,1,2010-2011..2010-2011,False
zzc22,zzc22,c13h. aod problems - to damage a friendship?,1,2010-2011..2010-2011,False
zzc23,zzc23,c13j. aod problems - have unwanted or unprotected sex?,1,2010-2011..2010-2011,False
zzc24,zzc24,c13k. aod problems - forget what happened or pass out?,1,2010-2011..2010-2011,False
zzc25,zzc25,c13l. aod problems - other problems?,1,2010-2011..2010-2011,False
